DATE,TRANSACTION ID,DESCRIPTION,QUANTITY,SYMBOL,PRICE,COMMISSION,AMOUNT,REG FEE,SHORT-TERM RDM FEE,FUND REDEMPTION FEE, DEFERRED SALES CHARGE
01/03/2022,39830791567,REMOVAL OF OPTION DUE TO EXPIRATION (0MVIS.LV10010000),1,,,,0.00,,,,
01/04/2022,39884943060,Bought 2 CHPT Jan 7 2022 19.5 Put @ 0.73,2,CHPT Jan 7 2022 19.5 Put,0.73,1.30,-147.32,0.02,,,
01/04/2022,39884943130,Sold 2 CHPT Jan 14 2022 19.0 Put @ 0.85,2,CHPT Jan 14 2022 19.0 Put,0.85,1.30,168.68,0.02,,,
01/04/2022,39885115707,Bought 1 RBLX Jan 7 2022 91.0 Put @ 2.13,1,RBLX Jan 7 2022 91.0 Put,2.13,0.65,-213.66,0.01,,,
01/04/2022,39885115743,Sold 1 RBLX Jan 14 2022 88.0 Put @ 2.55,1,RBLX Jan 14 2022 88.0 Put,2.55,0.65,254.34,0.01,,,
01/04/2022,39885415290,Bought 2 CPNG Jan 7 2022 32.0 Call @ 0.02,2,CPNG Jan 7 2022 32.0 Call,0.02,0.00,-4.02,0.02,,,
01/04/2022,39885424520,Sold 1 CPNG Jan 14 2022 29.0 Call @ 0.25,1,CPNG Jan 14 2022 29.0 Call,0.25,0.65,24.34,0.01,,,
01/04/2022,39885564822,Sold 1 PTON Jan 14 2022 29.0 Put @ 0.45,1,PTON Jan 14 2022 29.0 Put,0.45,0.65,44.34,0.01,,,
01/04/2022,39885564875,Bought 1 PTON Jan 7 2022 30.0 Put @ 0.2,1,PTON Jan 7 2022 30.0 Put,0.20,0.65,-20.66,0.01,,,
01/04/2022,39887502775,Bought 1 DKNG Jan 7 2022 33.0 Call @ 0.02,1,DKNG Jan 7 2022 33.0 Call,0.02,0.00,-2.01,0.01,,,
01/04/2022,39887681520,Sold 1 DKNG Jan 14 2022 30.0 Call @ 0.3,1,DKNG Jan 14 2022 30.0 Call,0.30,0.65,29.34,0.01,,,
01/04/2022,39887741945,Sold 1 DIS Jan 14 2022 150.0 Put @ 0.51,1,DIS Jan 14 2022 150.0 Put,0.51,0.65,50.34,0.01,,,
01/04/2022,39887753608,Bought 1 SCHW Jan 7 2022 81.0 Put @ 0.03,1,SCHW Jan 7 2022 81.0 Put,0.03,0.00,-3.01,0.01,,,
01/05/2022,39916232249,Bought 1 CHWY Jan 7 2022 64.0 Call @ 0.02,1,CHWY Jan 7 2022 64.0 Call,0.02,0.00,-2.01,0.01,,,
01/05/2022,39916303152,Sold 1 CHWY Jan 14 2022 58.5 Call @ 0.56,1,CHWY Jan 14 2022 58.5 Call,0.56,0.65,55.34,0.01,,,
01/05/2022,39916472106,Bought 1 PTON Jan 7 2022 41.0 Call @ 0.03,1,PTON Jan 7 2022 41.0 Call,0.03,0.00,-3.01,0.01,,,
01/05/2022,39916482100,Sold 1 PTON Jan 14 2022 38.0 Call @ 0.52,1,PTON Jan 14 2022 38.0 Call,0.52,0.65,51.34,0.01,,,
01/05/2022,39916949699,Bought 2 CHPT Jan 7 2022 20.5 Call @ 0.07,2,CHPT Jan 7 2022 20.5 Call,0.07,1.30,-15.32,0.02,,,
01/05/2022,39917129203,Sold 2 CHPT Jan 14 2022 21.0 Call @ 0.27,2,CHPT Jan 14 2022 21.0 Call,0.27,1.30,52.68,0.02,,,
01/06/2022,39947980844,Sold 3 MVIS Jan 14 2022 5.0 Call @ 0.17,3,MVIS Jan 14 2022 5.0 Call,0.17,1.95,49.01,0.04,,,
01/06/2022,39948447968,Bought 1 PYPL Jan 7 2022 197.5 Call @ 0.11,1,PYPL Jan 7 2022 197.5 Call,0.11,0.65,-11.66,0.01,,,
01/06/2022,39948821352,Sold 1 PYPL Jan 14 2022 197.5 Call @ 1.36,1,PYPL Jan 14 2022 197.5 Call,1.36,0.65,135.34,0.01,,,
01/06/2022,39949315267,Bought 1 FUBO Jan 7 2022 18.0 Call @ 0.02,1,FUBO Jan 7 2022 18.0 Call,0.02,0.00,-2.01,0.01,,,
01/06/2022,39949308846,Sold 1 FUBO Jan 14 2022 16.0 Call @ 0.24,1,FUBO Jan 14 2022 16.0 Call,0.24,0.65,23.34,0.01,,,
01/06/2022,39949984373,Bought 1 CHWY Jan 7 2022 60.0 Call @ 0.03,1,CHWY Jan 7 2022 60.0 Call,0.03,0.00,-3.01,0.01,,,
01/07/2022,39977986004,Sold 1 CHWY Jan 14 2022 52.0 Call @ 0.56,1,CHWY Jan 14 2022 52.0 Call,0.56,0.65,55.34,0.01,,,
01/07/2022,39978325088,Sold 1 CPNG Jan 14 2022 27.5 Call @ 0.21,1,CPNG Jan 14 2022 27.5 Call,0.21,0.65,20.34,0.01,,,
01/10/2022,40008091738,Bought 1 RBLX Jan 14 2022 88.0 Put @ 8.92,1,RBLX Jan 14 2022 88.0 Put,8.92,0.65,-892.66,0.01,,,
01/10/2022,40008092127,Sold 1 RBLX Jan 21 2022 87.0 Put @ 9.27,1,RBLX Jan 21 2022 87.0 Put,9.27,0.65,926.34,0.01,,,
01/11/2022,40034906493,Bought 2 CHPT Jan 14 2022 21.0 Call @ 0.02,2,CHPT Jan 14 2022 21.0 Call,0.02,0.00,-4.02,0.02,,,
01/11/2022,40035039573,Sold 2 CHPT Jan 21 2022 18.0 Call @ 0.19,2,CHPT Jan 21 2022 18.0 Call,0.19,1.30,36.68,0.02,,,
01/12/2022,40059463988,Sold 2 CHPT Jan 21 2022 19.0 Put @ 3,2,CHPT Jan 21 2022 19.0 Put,3.00,1.30,598.68,0.02,,,
01/12/2022,40059464071,Bought 2 CHPT Jan 14 2022 19.0 Put @ 2.88,2,CHPT Jan 14 2022 19.0 Put,2.88,1.30,-577.32,0.02,,,
01/12/2022,40060683714,Bought 1 DIS Jan 14 2022 150.0 Put @ 0.07,1,DIS Jan 14 2022 150.0 Put,0.07,0.65,-7.66,0.01,,,
01/12/2022,40060699873,Sold 1 AMD Jan 21 2022 127.0 Put @ 0.97,1,AMD Jan 21 2022 127.0 Put,0.97,0.65,96.34,0.01,,,
01/13/2022,40084038215,Bought 3 MVIS Jan 14 2022 5.0 Call @ 0.01,3,MVIS Jan 14 2022 5.0 Call,0.01,0.00,-3.03,0.03,,,
01/13/2022,40084692393,Bought 1 PTON Jan 14 2022 38.0 Call @ 0.03,1,PTON Jan 14 2022 38.0 Call,0.03,0.00,-3.01,0.01,,,
01/13/2022,40086011003,Sold 1 PTON Jan 21 2022 36.0 Call @ 0.47,1,PTON Jan 21 2022 36.0 Call,0.47,0.65,46.34,0.01,,,
01/13/2022,40087786701,Bought 1 DKNG Jan 14 2022 30.0 Call @ 0.01,1,DKNG Jan 14 2022 30.0 Call,0.01,0.00,-1.01,0.01,,,
01/14/2022,40111283702,Bought 1 CHWY Jan 14 2022 52.0 Call @ 0.01,1,CHWY Jan 14 2022 52.0 Call,0.01,0.00,-1.01,0.01,,,
01/14/2022,40111286837,Bought 1 CHWY Jan 14 2022 58.5 Call @ 0.01,1,CHWY Jan 14 2022 58.5 Call,0.01,0.00,-1.01,0.01,,,
01/14/2022,40111327022,Bought 1 FUBO Jan 14 2022 16.0 Call @ 0.01,1,FUBO Jan 14 2022 16.0 Call,0.01,0.00,-1.01,0.01,,,
01/14/2022,40111332286,Bought 1 FUBO Jan 21 2022 25.0 Call @ 0.01,1,FUBO Jan 21 2022 25.0 Call,0.01,0.00,-1.01,0.01,,,
01/14/2022,40111506192,Bought 1 PYPL Jan 14 2022 197.5 Call @ 0.01,1,PYPL Jan 14 2022 197.5 Call,0.01,0.00,-1.01,0.01,,,
01/14/2022,40111519168,Bought 1 CPNG Jan 14 2022 27.5 Call @ 0.01,1,CPNG Jan 14 2022 27.5 Call,0.01,0.00,-1.01,0.01,,,
01/14/2022,40111528592,Bought 1 CPNG Jan 14 2022 29.0 Call @ 0.01,1,CPNG Jan 14 2022 29.0 Call,0.01,0.00,-1.01,0.01,,,
01/14/2022,40111982068,Sold 1 PYPL Jan 21 2022 187.5 Call @ 0.89,1,PYPL Jan 21 2022 187.5 Call,0.89,0.65,88.34,0.01,,,
01/14/2022,40112024169,Sold 2 CHWY Jan 21 2022 47.0 Call @ 0.4,2,CHWY Jan 21 2022 47.0 Call,0.40,1.30,78.68,0.02,,,
01/14/2022,40112059262,Sold 1 DKNG Jan 21 2022 26.0 Call @ 0.24,1,DKNG Jan 21 2022 26.0 Call,0.24,0.65,23.34,0.01,,,
01/14/2022,40112093190,Sold 2 FUBO Jan 21 2022 14.5 Call @ 0.2,2,FUBO Jan 21 2022 14.5 Call,0.20,1.30,38.68,0.02,,,
01/14/2022,40112232537,Bought 1 PTON Jan 14 2022 29.0 Put @ 0.05,1,PTON Jan 14 2022 29.0 Put,0.05,0.00,-5.01,0.01,,,
01/19/2022,40169895433,Bought 1 PYPL Jan 21 2022 187.5 Call @ 0.07,1,PYPL Jan 21 2022 187.5 Call,0.07,0.65,-7.66,0.01,,,
01/19/2022,40170073444,Sold 1 CHPT Feb 4 2022 19.0 Put @ 5.02,1,CHPT Feb 4 2022 19.0 Put,5.02,1.30,500.69,0.01,,,
01/19/2022,40170073492,Sold 1 CHPT Feb 4 2022 19.0 Put @ 5,1,CHPT Feb 4 2022 19.0 Put,5.00,0.00,499.99,0.01,,,
01/19/2022,40170074595,Bought 1 CHPT Jan 21 2022 19.0 Put @ 4.97,1,CHPT Jan 21 2022 19.0 Put,4.97,1.30,-498.31,0.01,,,
01/19/2022,40170074636,Bought 1 CHPT Jan 21 2022 19.0 Put @ 4.95,1,CHPT Jan 21 2022 19.0 Put,4.95,0.00,-495.01,0.01,,,
01/19/2022,40170119534,Bought 2 CHPT Jan 21 2022 18.0 Call @ 0.01,2,CHPT Jan 21 2022 18.0 Call,0.01,0.00,-2.02,0.02,,,
01/19/2022,40170848814,Bought 1 RBLX Jan 21 2022 87.0 Put @ 11.42,1,RBLX Jan 21 2022 87.0 Put,11.42,0.65,-1142.66,0.01,,,
01/19/2022,40170848884,Sold 1 RBLX Feb 4 2022 86.0 Put @ 11.99,1,RBLX Feb 4 2022 86.0 Put,11.99,0.65,1198.33,0.02,,,
01/19/2022,40172590823,Sold 1 PYPL Feb 4 2022 190.0 Call @ 2.09,1,PYPL Feb 4 2022 190.0 Call,2.09,0.65,208.34,0.01,,,
01/20/2022,40201842459,Bought 1 AMD Jan 21 2022 127.0 Put @ 5.6,1,AMD Jan 21 2022 127.0 Put,5.60,0.65,-560.66,0.01,,,
01/20/2022,40201842599,Sold 1 AMD Jan 28 2022 125.0 Put @ 6.2,1,AMD Jan 28 2022 125.0 Put,6.20,0.65,619.34,0.01,,,
01/21/2022,40220365746,Bought 1 DKNG Jan 21 2022 26.0 Call @ 0.01,1,DKNG Jan 21 2022 26.0 Call,0.01,0.00,-1.01,0.01,,,
01/21/2022,40220437160,Bought 1 PTON Jan 21 2022 36.0 Call @ 0.01,1,PTON Jan 21 2022 36.0 Call,0.01,0.00,-1.01,0.01,,,
01/21/2022,40220788050,Bought 2 FUBO Jan 21 2022 14.5 Call @ 0.01,2,FUBO Jan 21 2022 14.5 Call,0.01,0.00,-2.02,0.02,,,
01/21/2022,40221048795,Bought 2 CHWY Jan 21 2022 47.0 Call @ 0.01,2,CHWY Jan 21 2022 47.0 Call,0.01,0.00,-2.02,0.02,,,
01/21/2022,40221769852,Sold 1 PTON Feb 4 2022 31.0 Call @ 0.6,1,PTON Feb 4 2022 31.0 Call,0.60,0.65,59.34,0.01,,,
01/21/2022,40222359473,Sold 1 DKNG Feb 4 2022 24.0 Call @ 0.31,1,DKNG Feb 4 2022 24.0 Call,0.31,0.65,30.34,0.01,,,
01/21/2022,40222679583,Sold 1 AMD Feb 4 2022 121.0 Put @ 7.33,1,AMD Feb 4 2022 121.0 Put,7.33,0.65,732.34,0.01,,,
01/21/2022,40222679845,Bought 1 AMD Jan 28 2022 125.0 Put @ 7.11,1,AMD Jan 28 2022 125.0 Put,7.11,0.65,-711.66,0.01,,,
01/21/2022,40223220573,Sold 2 CHWY Feb 4 2022 45.0 Call @ 0.47,2,CHWY Feb 4 2022 45.0 Call,0.47,1.30,92.68,0.02,,,
01/27/2022,40356396926,Bought 1 BMBL Feb 18 2022 50.0 Call @ 0.03,1,BMBL Feb 18 2022 50.0 Call,0.03,0.00,-3.01,0.01,,,
01/31/2022,40441922271,FREE BALANCE INTEREST ADJUSTMENT,,,,,0.05,,,,
02/02/2022,40509170951,Bought 1 AMD Feb 4 2022 121.0 Put @ 1.77,1,AMD Feb 4 2022 121.0 Put,1.77,0.65,-177.66,0.01,,,
02/02/2022,40509171041,Sold 1 AMD Feb 11 2022 119.0 Put @ 3.1,1,AMD Feb 11 2022 119.0 Put,3.10,0.65,309.34,0.01,,,
02/02/2022,40509222031,Bought 1 RBLX Feb 4 2022 86.0 Put @ 20.26,1,RBLX Feb 4 2022 86.0 Put,20.26,0.65,-2026.66,0.01,,,
02/02/2022,40509222189,Sold 1 RBLX Feb 18 2022 85.0 Put @ 20.52,1,RBLX Feb 18 2022 85.0 Put,20.52,0.65,2051.33,0.02,,,
02/02/2022,40509228553,Sold 1 CHPT Feb 18 2022 19.0 Put @ 5.42,1,CHPT Feb 18 2022 19.0 Put,5.42,0.65,541.34,0.01,,,
02/02/2022,40509228568,Bought 1 CHPT Feb 4 2022 19.0 Put @ 5.39,1,CHPT Feb 4 2022 19.0 Put,5.39,0.65,-539.66,0.01,,,
02/02/2022,40509275142,Bought 1 CHPT Feb 4 2022 19.0 Put @ 5.37,1,CHPT Feb 4 2022 19.0 Put,5.37,0.65,-537.66,0.01,,,
02/02/2022,40509275186,Sold 1 CHPT Feb 18 2022 19.0 Put @ 5.41,1,CHPT Feb 18 2022 19.0 Put,5.41,0.65,540.34,0.01,,,
02/03/2022,40537097530,Bought 1 PYPL Feb 4 2022 190.0 Call @ 0.01,1,PYPL Feb 4 2022 190.0 Call,0.01,0.00,-1.01,0.01,,,
02/04/2022,40565297054,Bought 1 PTON Feb 4 2022 31.0 Call @ 0.01,1,PTON Feb 4 2022 31.0 Call,0.01,0.00,-1.01,0.01,,,
02/04/2022,40565477018,Sold 2 FUBO Feb 18 2022 13.0 Call @ 0.12,2,FUBO Feb 18 2022 13.0 Call,0.12,1.30,22.68,0.02,,,
02/04/2022,40565534189,Bought 2 CHWY Feb 4 2022 45.0 Call @ 2.28,2,CHWY Feb 4 2022 45.0 Call,2.28,1.30,-457.32,0.02,,,
02/04/2022,40565534249,Sold 2 CHWY Feb 18 2022 47.0 Call @ 2.8,2,CHWY Feb 18 2022 47.0 Call,2.80,1.30,558.68,0.02,,,
02/04/2022,40565651559,Sold 1 CPNG Feb 18 2022 24.0 Call @ 0.13,1,CPNG Feb 18 2022 24.0 Call,0.13,0.65,12.34,0.01,,,
02/04/2022,40565658997,Bought 1 DKNG Feb 4 2022 24.0 Call @ 0.01,1,DKNG Feb 4 2022 24.0 Call,0.01,0.00,-1.01,0.01,,,
02/04/2022,40565703741,Sold 1 DKNG Feb 18 2022 27.0 Call @ 0.43,1,DKNG Feb 18 2022 27.0 Call,0.43,0.65,42.34,0.01,,,
02/04/2022,40565801157,Sold 1 PTON Feb 11 2022 32.0 Call @ 0.33,1,PTON Feb 11 2022 32.0 Call,0.33,0.65,32.34,0.01,,,
02/04/2022,40565942628,Sold 1 PYPL Feb 18 2022 137.0 Call @ 1.23,1,PYPL Feb 18 2022 137.0 Call,1.23,0.65,122.34,0.01,,,
02/04/2022,40566004986,Sold 2 CHPT Feb 18 2022 16.0 Call @ 0.11,2,CHPT Feb 18 2022 16.0 Call,0.11,1.30,20.68,0.02,,,
02/09/2022,40649498960,Bought 1 PTON Feb 11 2022 32.0 Call @ 5.22,1,PTON Feb 11 2022 32.0 Call,5.22,0.65,-522.66,0.01,,,
02/09/2022,40649499576,Sold 1 PTON Feb 18 2022 33.0 Call @ 5.32,1,PTON Feb 18 2022 33.0 Call,5.32,0.65,531.34,0.01,,,
02/09/2022,40655016237,Bought 1 AMD Feb 11 2022 119.0 Put @ 0.05,1,AMD Feb 11 2022 119.0 Put,0.05,0.00,-5.01,0.01,,,
02/15/2022,40769450665,Bought 2 CHPT Feb 18 2022 19.0 Put @ 4.35,2,CHPT Feb 18 2022 19.0 Put,4.35,1.30,-871.32,0.02,,,
02/15/2022,40769450697,Sold 2 CHPT Mar 4 2022 19.0 Put @ 4.45,2,CHPT Mar 4 2022 19.0 Put,4.45,1.30,888.68,0.02,,,
02/15/2022,40769741241,Bought 1 PYPL Feb 18 2022 137.0 Call @ 0.04,1,PYPL Feb 18 2022 137.0 Call,0.04,0.00,-4.01,0.01,,,
02/15/2022,40769809143,Sold 1 PYPL Feb 25 2022 123.0 Call @ 0.79,1,PYPL Feb 25 2022 123.0 Call,0.79,0.65,78.34,0.01,,,
02/15/2022,40769833124,Bought 2 CHPT Feb 18 2022 16.0 Call @ 0.11,2,CHPT Feb 18 2022 16.0 Call,0.11,1.30,-23.32,0.02,,,
02/15/2022,40769949827,Sold 2 CHWY Mar 4 2022 48.0 Call @ 5.88,2,CHWY Mar 4 2022 48.0 Call,5.88,1.30,1174.67,0.03,,,
02/15/2022,40769949847,Bought 2 CHWY Feb 18 2022 47.0 Call @ 5.75,2,CHWY Feb 18 2022 47.0 Call,5.75,1.30,-1151.32,0.02,,,
02/15/2022,40770095477,Sold 1 BMBL Mar 18 2022 40.0 Call @ 0.4,1,BMBL Mar 18 2022 40.0 Call,0.40,0.65,39.34,0.01,,,
02/15/2022,40770137324,Bought 2 FUBO Feb 18 2022 13.0 Call @ 0.03,2,FUBO Feb 18 2022 13.0 Call,0.03,0.00,-6.02,0.02,,,
02/15/2022,40770157568,Sold 2 FUBO Mar 4 2022 15.0 Call @ 0.2,2,FUBO Mar 4 2022 15.0 Call,0.20,1.30,38.68,0.02,,,
02/15/2022,40770301777,Sold 1 RBLX Mar 4 2022 84.0 Put @ 18.78,1,RBLX Mar 4 2022 84.0 Put,18.78,0.65,1877.33,0.02,,,
02/15/2022,40770301856,Bought 1 RBLX Feb 18 2022 85.0 Put @ 18.78,1,RBLX Feb 18 2022 85.0 Put,18.78,0.65,-1878.66,0.01,,,
02/18/2022,40849570945,Bought 1 DKNG Feb 18 2022 27.0 Call @ 0.01,1,DKNG Feb 18 2022 27.0 Call,0.01,0.00,-1.01,0.01,,,
02/18/2022,40849551034,Bought 1 PTON Feb 18 2022 33.0 Call @ 0.01,1,PTON Feb 18 2022 33.0 Call,0.01,0.00,-1.01,0.01,,,
02/22/2022,40863974221,REMOVAL OF OPTION DUE TO EXPIRATION (0CPNG.BI20024000),1,,,,0.00,,,,
02/25/2022,40959230036,Sold 2 CHPT Mar 4 2022 16.5 Call @ 0.09,2,CHPT Mar 4 2022 16.5 Call,0.09,1.30,16.68,0.02,,,
02/25/2022,40959171600,Sold 1 DKNG Mar 4 2022 25.5 Call @ 0.12,1,DKNG Mar 4 2022 25.5 Call,0.12,0.65,11.34,0.01,,,
02/25/2022,40959220066,Bought 1 PYPL Feb 25 2022 123.0 Call @ 0.01,1,PYPL Feb 25 2022 123.0 Call,0.01,0.00,-1.01,0.01,,,
02/25/2022,40959223279,Sold 1 PYPL Mar 4 2022 117.0 Call @ 0.35,1,PYPL Mar 4 2022 117.0 Call,0.35,0.65,34.34,0.01,,,
02/28/2022,40997373927,Sold 1 RBLX Mar 18 2022 80.0 Put @ 28.68,1,RBLX Mar 18 2022 80.0 Put,28.68,0.65,2867.33,0.02,,,
02/28/2022,40997373947,Bought 1 RBLX Mar 4 2022 84.0 Put @ 32.83,1,RBLX Mar 4 2022 84.0 Put,32.83,0.65,-3283.66,0.01,,,
02/28/2022,41015369728,FREE BALANCE INTEREST ADJUSTMENT,,,,,0.08,,,,
03/03/2022,41108396173,Bought 2 FUBO Mar 4 2022 15.0 Call @ 0.01,2,FUBO Mar 4 2022 15.0 Call,0.01,0.00,-2.02,0.02,,,
03/03/2022,41108483063,Sold 2 CHPT Mar 18 2022 19.0 Put @ 4.52,2,CHPT Mar 18 2022 19.0 Put,4.52,1.30,902.68,0.02,,,
03/03/2022,41108483135,Bought 2 CHPT Mar 4 2022 19.0 Put @ 4.42,2,CHPT Mar 4 2022 19.0 Put,4.42,1.30,-885.32,0.02,,,
03/03/2022,41109315487,Bought 1 PYPL Mar 4 2022 117.0 Call @ 0.02,1,PYPL Mar 4 2022 117.0 Call,0.02,0.00,-2.01,0.01,,,
03/04/2022,41143522196,Bought 1 DKNG Mar 4 2022 25.5 Call @ 0.01,1,DKNG Mar 4 2022 25.5 Call,0.01,0.00,-1.01,0.01,,,
03/04/2022,41143530498,Bought 2 CHPT Mar 4 2022 16.5 Call @ 0.01,2,CHPT Mar 4 2022 16.5 Call,0.01,0.00,-2.02,0.02,,,
03/04/2022,41143603771,Bought 2 CHWY Mar 4 2022 48.0 Call @ 0.02,2,CHWY Mar 4 2022 48.0 Call,0.02,0.00,-4.02,0.02,,,
03/04/2022,41143665119,Sold 1 PTON Mar 11 2022 29.0 Call @ 0.16,1,PTON Mar 11 2022 29.0 Call,0.16,0.65,15.34,0.01,,,
03/04/2022,41143690908,Sold 1 PYPL Mar 11 2022 109.0 Call @ 0.57,1,PYPL Mar 11 2022 109.0 Call,0.57,0.65,56.34,0.01,,,
03/04/2022,41143712356,Sold 1 DKNG Mar 11 2022 25.0 Call @ 0.11,1,DKNG Mar 11 2022 25.0 Call,0.11,0.65,10.34,0.01,,,
03/04/2022,41143764890,Sold 2 FUBO Mar 18 2022 9.5 Call @ 0.1,2,FUBO Mar 18 2022 9.5 Call,0.10,1.30,18.68,0.02,,,
03/04/2022,41143784311,Sold 2 CHWY Mar 11 2022 51.0 Call @ 0.44,2,CHWY Mar 11 2022 51.0 Call,0.44,1.30,86.68,0.02,,,
03/04/2022,41143818287,Sold 1 CPNG Mar 11 2022 25.0 Call @ 0.1,1,CPNG Mar 11 2022 25.0 Call,0.10,0.65,9.34,0.01,,,
03/04/2022,41143860162,Sold 2 CHPT Mar 11 2022 16.5 Call @ 0.11,2,CHPT Mar 11 2022 16.5 Call,0.11,1.30,20.68,0.02,,,
03/09/2022,41240880179,Bought 1 BMBL Mar 18 2022 40.0 Call @ 0.05,1,BMBL Mar 18 2022 40.0 Call,0.05,0.00,-5.01,0.01,,,
03/09/2022,41242024821,Bought 1 DKNG Mar 11 2022 25.0 Call @ 0.01,1,DKNG Mar 11 2022 25.0 Call,0.01,0.00,-1.01,0.01,,,
03/09/2022,41243236055,Bought 2 CHPT Mar 11 2022 16.5 Call @ 1.16,2,CHPT Mar 11 2022 16.5 Call,1.16,1.30,-233.32,0.02,,,
03/09/2022,41243236097,Sold 2 CHPT Mar 18 2022 17.0 Call @ 1.25,2,CHPT Mar 18 2022 17.0 Call,1.25,1.30,248.68,0.02,,,
03/10/2022,41274197422,Bought 1 PTON Mar 11 2022 29.0 Call @ 0.01,1,PTON Mar 11 2022 29.0 Call,0.01,0.00,-1.01,0.01,,,
03/10/2022,41274206095,Bought 1 CPNG Mar 11 2022 25.0 Call @ 0.01,1,CPNG Mar 11 2022 25.0 Call,0.01,0.00,-1.01,0.01,,,
03/10/2022,41274221045,Bought 2 CHWY Mar 11 2022 51.0 Call @ 0.01,2,CHWY Mar 11 2022 51.0 Call,0.01,0.00,-2.02,0.02,,,
03/14/2022,41317447279,REMOVAL OF OPTION DUE TO EXPIRATION (0PYPL.CB20109000),1,,,,0.00,,,,
03/16/2022,41381052596,Bought 100 RBLX @ 80,100,RBLX,80.00,,-8000.00,,,,
03/16/2022,41381062742,REMOVAL OF OPTION DUE TO ASSIGNMENT (RBLX Mar 18 2022 80.0 Put),1,RBLX Mar 18 2022 80.0 Put,,,0.00,,,,
03/17/2022,41414451870,Bought 2 FUBO Mar 18 2022 9.5 Call @ 0.01,2,FUBO Mar 18 2022 9.5 Call,0.01,0.00,-2.02,0.02,,,
03/17/2022,41414688271,Sold 2 CHPT Mar 25 2022 17.5 Call @ 0.91,2,CHPT Mar 25 2022 17.5 Call,0.91,1.30,180.68,0.02,,,
03/17/2022,41414688446,Bought 2 CHPT Mar 18 2022 17.0 Call @ 0.79,2,CHPT Mar 18 2022 17.0 Call,0.79,1.30,-159.32,0.02,,,
03/17/2022,41415134390,Sold 2 CHPT Mar 25 2022 19.0 Put @ 1.58,2,CHPT Mar 25 2022 19.0 Put,1.58,1.30,314.68,0.02,,,
03/17/2022,41415134479,Bought 2 CHPT Mar 18 2022 19.0 Put @ 1.26,2,CHPT Mar 18 2022 19.0 Put,1.26,1.30,-253.32,0.02,,,
03/17/2022,41415912295,Sold 1 RBLX Mar 25 2022 54.0 Call @ 0.26,1,RBLX Mar 25 2022 54.0 Call,0.26,0.65,25.34,0.01,,,
03/17/2022,41415932445,Sold 1 BMBL Apr 14 2022 40.0 Call @ 0.2,1,BMBL Apr 14 2022 40.0 Call,0.20,0.65,19.34,0.01,,,
03/17/2022,41415999354,Sold 1 PTON Mar 25 2022 29.0 Call @ 0.2,1,PTON Mar 25 2022 29.0 Call,0.20,0.65,19.34,0.01,,,
03/23/2022,41522972923,Sold 2 CHPT Apr 1 2022 18.5 Put @ 0.9,2,CHPT Apr 1 2022 18.5 Put,0.90,1.30,178.68,0.02,,,
03/23/2022,41522972961,Bought 2 CHPT Mar 25 2022 19.0 Put @ 0.79,2,CHPT Mar 25 2022 19.0 Put,0.79,1.30,-159.32,0.02,,,
03/23/2022,41523163777,Sold 1 PTON Apr 1 2022 31.0 Call @ 0.69,1,PTON Apr 1 2022 31.0 Call,0.69,0.65,68.34,0.01,,,
03/23/2022,41523163782,Bought 1 PTON Mar 25 2022 29.0 Call @ 0.69,1,PTON Mar 25 2022 29.0 Call,0.69,0.65,-69.66,0.01,,,
03/23/2022,41523167413,Sold 2 CHPT Apr 1 2022 18.0 Call @ 1.12,2,CHPT Apr 1 2022 18.0 Call,1.12,1.30,222.68,0.02,,,
03/23/2022,41523167431,Bought 2 CHPT Mar 25 2022 17.5 Call @ 1.1,2,CHPT Mar 25 2022 17.5 Call,1.10,1.30,-221.32,0.02,,,
03/25/2022,41594372701,Bought 1 RBLX Mar 25 2022 54.0 Call @ 0.01,1,RBLX Mar 25 2022 54.0 Call,0.01,0.00,-1.01,0.01,,,
03/30/2022,41699899641,Sold 1 PYPL Apr 8 2022 135.0 Call @ 0.37,1,PYPL Apr 8 2022 135.0 Call,0.37,0.65,36.34,0.01,,,
03/30/2022,41699946700,Sold 1 RBLX Apr 8 2022 62.0 Call @ 0.44,1,RBLX Apr 8 2022 62.0 Call,0.44,0.65,43.34,0.01,,,
03/30/2022,41700029927,Bought 2 CHPT Apr 1 2022 18.0 Call @ 1.93,2,CHPT Apr 1 2022 18.0 Call,1.93,1.30,-387.32,0.02,,,
03/30/2022,41700030284,Sold 2 CHPT Apr 8 2022 18.0 Call @ 2.06,2,CHPT Apr 8 2022 18.0 Call,2.06,1.30,410.68,0.02,,,
03/30/2022,41700639794,Sold 1 DKNG Apr 8 2022 24.5 Call @ 0.14,1,DKNG Apr 8 2022 24.5 Call,0.14,0.65,13.34,0.01,,,
03/30/2022,41701420286,Bought 1 BMBL Apr 14 2022 40.0 Call @ 0.05,1,BMBL Apr 14 2022 40.0 Call,0.05,0.00,-5.01,0.01,,,
03/31/2022,41768416183,FREE BALANCE INTEREST ADJUSTMENT,,,,,0.05,,,,
04/01/2022,41800500937,Bought 1 PTON Apr 1 2022 31.0 Call @ 0.01,1,PTON Apr 1 2022 31.0 Call,0.01,0.00,-1.01,0.01,,,
04/01/2022,41802003397,Sold 2 CHWY Apr 8 2022 47.0 Call @ 0.23,2,CHWY Apr 8 2022 47.0 Call,0.23,1.30,44.68,0.02,,,
04/01/2022,41805031746,Sold 3 MVIS Apr 8 2022 5.5 Call @ 0.09,3,MVIS Apr 8 2022 5.5 Call,0.09,1.95,25.02,0.03,,,
04/01/2022,41805187462,Sold 1 MVIS Apr 8 2022 4.0 Put @ 0.09,1,MVIS Apr 8 2022 4.0 Put,0.09,0.65,8.34,0.01,,,
04/01/2022,41805728249,Sold 1 AMD Apr 8 2022 100.0 Put @ 0.94,1,AMD Apr 8 2022 100.0 Put,0.94,0.65,93.34,0.01,,,
04/01/2022,41806040717,Bought 2 CHPT Apr 1 2022 18.5 Put @ 0.01,2,CHPT Apr 1 2022 18.5 Put,0.01,0.00,-2.02,0.02,,,
04/06/2022,41896122373,Bought 1 PYPL Apr 8 2022 135.0 Call @ 0.01,1,PYPL Apr 8 2022 135.0 Call,0.01,0.00,-1.01,0.01,,,
04/07/2022,41931192513,Bought 1 DKNG Apr 8 2022 24.5 Call @ 0.01,1,DKNG Apr 8 2022 24.5 Call,0.01,0.00,-1.01,0.01,,,
04/07/2022,41931198759,Bought 1 RBLX Apr 8 2022 62.0 Call @ 0.01,1,RBLX Apr 8 2022 62.0 Call,0.01,0.00,-1.01,0.01,,,
04/07/2022,41934268764,Bought 3 MVIS Apr 8 2022 5.5 Call @ 0.01,3,MVIS Apr 8 2022 5.5 Call,0.01,0.00,-3.03,0.03,,,
04/07/2022,41939124183,Sold 1 MVIS Apr 14 2022 4.0 Put @ 0.19,1,MVIS Apr 14 2022 4.0 Put,0.19,0.65,18.34,0.01,,,
04/07/2022,41939124223,Bought 1 MVIS Apr 8 2022 4.0 Put @ 0.06,1,MVIS Apr 8 2022 4.0 Put,0.06,0.65,-6.66,0.01,,,
04/07/2022,41939161563,Sold 2 CHPT Apr 14 2022 19.0 Call @ 0.37,2,CHPT Apr 14 2022 19.0 Call,0.37,1.30,72.68,0.02,,,
04/07/2022,41939161584,Bought 2 CHPT Apr 8 2022 18.0 Call @ 0.3,2,CHPT Apr 8 2022 18.0 Call,0.30,1.30,-61.32,0.02,,,
04/07/2022,41939223509,Bought 2 CHWY Apr 8 2022 47.0 Call @ 0.06,2,CHWY Apr 8 2022 47.0 Call,0.06,1.30,-13.32,0.02,,,
04/07/2022,41939234215,Bought 1 AMD Apr 8 2022 100.0 Put @ 0.17,1,AMD Apr 8 2022 100.0 Put,0.17,0.65,-17.66,0.01,,,
04/11/2022,41991060152,Sold 1 AMD Apr 14 2022 89.0 Put @ 0.54,1,AMD Apr 14 2022 89.0 Put,0.54,0.65,53.34,0.01,,,
04/11/2022,41991093530,Sold 1 PYPL Apr 14 2022 117.0 Call @ 0.31,1,PYPL Apr 14 2022 117.0 Call,0.31,0.65,30.34,0.01,,,
04/13/2022,42040736795,Bought 1 PYPL Apr 14 2022 117.0 Call @ 0.01,1,PYPL Apr 14 2022 117.0 Call,0.01,0.00,-1.01,0.01,,,
04/14/2022,42068753736,Bought 1 AMD Apr 14 2022 89.0 Put @ 0.02,1,AMD Apr 14 2022 89.0 Put,0.02,0.00,-2.01,0.01,,,
04/14/2022,42068812304,Sold 1 MVIS Apr 22 2022 4.0 Put @ 0.61,1,MVIS Apr 22 2022 4.0 Put,0.61,0.65,60.34,0.01,,,
04/14/2022,42068812548,Bought 1 MVIS Apr 14 2022 4.0 Put @ 0.56,1,MVIS Apr 14 2022 4.0 Put,0.56,0.65,-56.66,0.01,,,
04/14/2022,42069877824,Bought 2 CHPT Apr 14 2022 19.0 Call @ 0.01,2,CHPT Apr 14 2022 19.0 Call,0.01,0.00,-2.02,0.02,,,
04/20/2022,42150176855,Sold 1 PYPL Apr 29 2022 115.0 Call @ 0.81,1,PYPL Apr 29 2022 115.0 Call,0.81,0.65,80.34,0.01,,,
04/20/2022,42150222951,Sold 1 CHWY Apr 29 2022 46.0 Call @ 0.34,1,CHWY Apr 29 2022 46.0 Call,0.34,0.65,33.34,0.01,,,
04/20/2022,42150258083,Sold 1 MVIS Apr 29 2022 4.0 Put @ 0.82,1,MVIS Apr 29 2022 4.0 Put,0.82,0.65,81.34,0.01,,,
04/20/2022,42150258102,Bought 1 MVIS Apr 22 2022 4.0 Put @ 0.76,1,MVIS Apr 22 2022 4.0 Put,0.76,0.65,-76.66,0.01,,,
04/20/2022,42150280313,Sold 2 CHPT Apr 29 2022 19.0 Call @ 0.1,2,CHPT Apr 29 2022 19.0 Call,0.10,1.30,18.68,0.02,,,
04/27/2022,42280480436,Bought 2 CHPT Apr 29 2022 19.0 Call @ 0.01,2,CHPT Apr 29 2022 19.0 Call,0.01,0.00,-2.02,0.02,,,
04/27/2022,42280593929,Bought 1 MVIS Apr 29 2022 4.0 Put @ 1.01,1,MVIS Apr 29 2022 4.0 Put,1.01,0.65,-101.66,0.01,,,
04/27/2022,42280593982,Sold 1 MVIS May 13 2022 4.0 Put @ 1.07,1,MVIS May 13 2022 4.0 Put,1.07,0.65,106.34,0.01,,,
04/27/2022,42280619905,Sold 1 BMBL May 20 2022 30.0 Call @ 0.6,1,BMBL May 20 2022 30.0 Call,0.60,0.65,59.34,0.01,,,
04/27/2022,42280692337,Sold 1 PYPL May 6 2022 104.0 Call @ 0.79,1,PYPL May 6 2022 104.0 Call,0.79,0.65,78.34,0.01,,,
04/27/2022,42280692351,Bought 1 PYPL Apr 29 2022 115.0 Call @ 0.13,1,PYPL Apr 29 2022 115.0 Call,0.13,0.65,-13.66,0.01,,,
04/27/2022,42280746169,Sold 1 PTON May 6 2022 22.5 Call @ 0.31,1,PTON May 6 2022 22.5 Call,0.31,0.65,30.34,0.01,,,
04/29/2022,42333603722,Bought 1 CHWY Apr 29 2022 46.0 Call @ 0.01,1,CHWY Apr 29 2022 46.0 Call,0.01,0.00,-1.01,0.01,,,
05/04/2022,42451269014,Sold 1 MVIS May 20 2022 4.0 Put @ 0.65,1,MVIS May 20 2022 4.0 Put,0.65,0.65,64.34,0.01,,,
05/04/2022,42451269068,Bought 1 MVIS May 13 2022 4.0 Put @ 0.56,1,MVIS May 13 2022 4.0 Put,0.56,0.65,-56.66,0.01,,,
05/04/2022,42451359537,Sold 1 CHWY May 6 2022 33.0 Call @ 0.15,1,CHWY May 6 2022 33.0 Call,0.15,0.65,14.34,0.01,,,
05/04/2022,42453262938,Bought 1 PTON May 6 2022 22.5 Call @ 0.02,1,PTON May 6 2022 22.5 Call,0.02,0.00,-2.01,0.01,,,
05/05/2022,42477798255,MANDATORY - EXCHANGE (26142R104),100,,,,0.00,,,,
05/05/2022,42477798257,MANDATORY - EXCHANGE (DKNG),100,DKNG,,,0.00,,,,
05/06/2022,42518683876,Bought 1 PYPL May 6 2022 104.0 Call @ 0.01,1,PYPL May 6 2022 104.0 Call,0.01,0.00,-1.01,0.01,,,
05/06/2022,42518688564,Bought 1 CHWY May 6 2022 33.0 Call @ 0.01,1,CHWY May 6 2022 33.0 Call,0.01,0.00,-1.01,0.01,,,
05/10/2022,42581894020,Sold 3 MVIS May 20 2022 4.0 Call @ 0.05,3,MVIS May 20 2022 4.0 Call,0.05,1.95,13.01,0.04,,,
05/10/2022,42581964164,Sold 2 CPNG May 13 2022 14.5 Call @ 0.16,2,CPNG May 13 2022 14.5 Call,0.16,1.30,30.68,0.02,,,
05/10/2022,42582369827,Sold 1 PYPL May 13 2022 83.5 Call @ 0.63,1,PYPL May 13 2022 83.5 Call,0.63,0.65,62.34,0.01,,,
05/10/2022,42582201671,Sold 1 AMD May 13 2022 78.0 Put @ 0.45,1,AMD May 13 2022 78.0 Put,0.45,0.65,44.34,0.01,,,
05/10/2022,42582283907,Bought 1 BMBL May 20 2022 30.0 Call @ 0.15,1,BMBL May 20 2022 30.0 Call,0.15,0.65,-15.66,0.01,,,
05/10/2022,42582280876,Sold 1 BMBL May 20 2022 25.0 Call @ 0.5,1,BMBL May 20 2022 25.0 Call,0.50,0.65,49.34,0.01,,,
05/10/2022,42582518059,Bought 1 MVIS May 20 2022 4.0 Put @ 1.04,1,MVIS May 20 2022 4.0 Put,1.04,0.65,-104.66,0.01,,,
05/10/2022,42582518389,Sold 1 MVIS May 27 2022 4.0 Put @ 1.1,1,MVIS May 27 2022 4.0 Put,1.10,0.65,109.34,0.01,,,
05/10/2022,42583661870,Bought 1 AMD May 13 2022 78.0 Put @ 0.17,1,AMD May 13 2022 78.0 Put,0.17,0.65,-17.66,0.01,,,
05/10/2022,42583703999,Sold 1 AMD May 20 2022 78.0 Put @ 0.83,1,AMD May 20 2022 78.0 Put,0.83,0.65,82.34,0.01,,,
05/13/2022,42670792917,Bought 1 PYPL May 13 2022 83.5 Call @ 0.01,1,PYPL May 13 2022 83.5 Call,0.01,0.00,-1.01,0.01,,,
05/13/2022,42671788730,Bought 2 CPNG May 13 2022 14.5 Call @ 0.01,2,CPNG May 13 2022 14.5 Call,0.01,0.00,-2.02,0.02,,,
05/16/2022,42704153540,Sold 1 DKNG May 20 2022 15.0 Call @ 0.09,1,DKNG May 20 2022 15.0 Call,0.09,0.65,8.34,0.01,,,
05/16/2022,42704493304,Sold 2 CHWY May 27 2022 33.0 Call @ 0.39,2,CHWY May 27 2022 33.0 Call,0.39,1.30,76.68,0.02,,,
05/16/2022,42704548037,Sold 1 AMD May 20 2022 86.5 Put @ 0.53,1,AMD May 20 2022 86.5 Put,0.53,0.65,52.34,0.01,,,
05/16/2022,42705686742,Bought 1 AMD May 20 2022 78.0 Put @ 0.08,1,AMD May 20 2022 78.0 Put,0.08,0.65,-8.66,0.01,,,
05/16/2022,42707183851,Sold 1 PTON May 20 2022 18.5 Call @ 0.2,1,PTON May 20 2022 18.5 Call,0.20,0.65,19.34,0.01,,,
05/17/2022,42729508162,Bought 1 BMBL May 20 2022 25.0 Call @ 2.08,1,BMBL May 20 2022 25.0 Call,2.08,0.65,-208.66,0.01,,,
05/17/2022,42729508207,Sold 1 BMBL Jun 17 2022 25.0 Call @ 3.6,1,BMBL Jun 17 2022 25.0 Call,3.60,0.65,359.33,0.02,,,
05/17/2022,42729604304,Sold 1 BMBL Jun 17 2022 30.0 Put @ 4.61,1,BMBL Jun 17 2022 30.0 Put,4.61,0.65,460.33,0.02,,,
05/17/2022,42729807874,Sold 1 RBLX May 20 2022 35.0 Call @ 0.32,1,RBLX May 20 2022 35.0 Call,0.32,0.65,31.34,0.01,,,
05/17/2022,42729946223,Sold 1 PYPL May 20 2022 86.0 Call @ 0.29,1,PYPL May 20 2022 86.0 Call,0.29,0.65,28.34,0.01,,,
05/19/2022,42782486358,Bought 3 MVIS May 20 2022 4.0 Call @ 0.01,3,MVIS May 20 2022 4.0 Call,0.01,0.00,-3.03,0.03,,,
05/19/2022,42782546640,Sold 3 MVIS May 27 2022 4.0 Call @ 0.06,3,MVIS May 27 2022 4.0 Call,0.06,1.95,16.02,0.03,,,
05/19/2022,42782546346,Bought 1 AMD May 20 2022 86.5 Put @ 0.02,1,AMD May 20 2022 86.5 Put,0.02,0.00,-2.01,0.01,,,
05/19/2022,42782737479,Sold 1 RBLX May 27 2022 37.0 Call @ 1.79,1,RBLX May 27 2022 37.0 Call,1.79,0.65,178.34,0.01,,,
05/19/2022,42782737732,Bought 1 RBLX May 20 2022 35.0 Call @ 1.31,1,RBLX May 20 2022 35.0 Call,1.31,0.65,-131.66,0.01,,,
05/20/2022,42813804955,Bought 1 BMBL Jun 17 2022 30.0 Put @ 4,1,BMBL Jun 17 2022 30.0 Put,4.00,0.65,-400.66,0.01,,,
05/23/2022,42828487885,REMOVAL OF OPTION DUE TO EXPIRATION (0PTON.EK20018500),1,,,,0.00,,,,
05/23/2022,42828621889,REMOVAL OF OPTION DUE TO EXPIRATION (0PYPL.EK20086000),1,,,,0.00,,,,
05/23/2022,42828933479,REMOVAL OF OPTION DUE TO EXPIRATION (0DKNG.EK20015000),1,,,,0.00,,,,
05/24/2022,42858791955,Sold 1 PYPL Jun 3 2022 85.0 Call @ 0.84,1,PYPL Jun 3 2022 85.0 Call,0.84,0.65,83.34,0.01,,,
05/24/2022,42858970340,Sold 1 CHPT Jun 3 2022 12.5 Call @ 0.22,1,CHPT Jun 3 2022 12.5 Call,0.22,0.65,21.34,0.01,,,
05/24/2022,42858990248,Sold 1 PTON Jun 3 2022 15.0 Call @ 0.21,1,PTON Jun 3 2022 15.0 Call,0.21,0.65,20.34,0.01,,,
05/26/2022,42909930581,Bought 3 MVIS May 27 2022 4.0 Call @ 0.01,3,MVIS May 27 2022 4.0 Call,0.01,0.00,-3.03,0.03,,,
05/31/2022,42951269302,Bought 100 MVIS @ 4,100,MVIS,4.00,,-400.00,,,,
05/31/2022,42951310152,REMOVAL OF OPTION DUE TO ASSIGNMENT (0MVIS.QR20004000),1,,,,0.00,,,,
05/31/2022,42951768622,REMOVAL OF OPTION DUE TO EXPIRATION (0CHWY.ER20033000),2,,,,0.00,,,,
05/31/2022,42951778036,REMOVAL OF OPTION DUE TO EXPIRATION (0RBLX.ER20037000),1,,,,0.00,,,,
05/31/2022,42962525471,Sold 1 RBLX Jun 10 2022 37.5 Call @ 0.33,1,RBLX Jun 10 2022 37.5 Call,0.33,0.65,32.34,0.01,,,
05/31/2022,42962669623,Sold 1 AMD Jun 10 2022 85.0 Put @ 0.6,1,AMD Jun 10 2022 85.0 Put,0.60,0.65,59.34,0.01,,,
05/31/2022,42962791350,Sold 1 CHPT Jun 3 2022 13.5 Put @ 1.13,1,CHPT Jun 3 2022 13.5 Put,1.13,0.65,112.34,0.01,,,
05/31/2022,42962973124,Bought 1 PTON Jun 3 2022 15.0 Call @ 0.25,1,PTON Jun 3 2022 15.0 Call,0.25,0.65,-25.66,0.01,,,
05/31/2022,42963177765,Sold 2 CHWY Jun 3 2022 29.0 Call @ 1.17,2,CHWY Jun 3 2022 29.0 Call,1.17,1.30,232.67,0.03,,,
05/31/2022,42967891377,Bought 1 AMD Jun 10 2022 85.0 Put @ 0.3,1,AMD Jun 10 2022 85.0 Put,0.30,0.65,-30.66,0.01,,,
06/02/2022,43050359692,Sold 1 PYPL Jun 10 2022 89.0 Call @ 1.44,1,PYPL Jun 10 2022 89.0 Call,1.44,0.65,143.34,0.01,,,
06/02/2022,43050360538,Bought 1 PYPL Jun 3 2022 85.0 Call @ 1.19,1,PYPL Jun 3 2022 85.0 Call,1.19,0.65,-119.66,0.01,,,
06/02/2022,43050609917,Bought 1 CHPT Jun 3 2022 12.5 Call @ 0.42,1,CHPT Jun 3 2022 12.5 Call,0.42,0.65,-42.66,0.01,,,
06/02/2022,43050610204,Sold 1 CHPT Jun 10 2022 13.0 Call @ 0.47,1,CHPT Jun 10 2022 13.0 Call,0.47,0.65,46.34,0.01,,,
06/02/2022,43050677962,Sold 1 CHPT Jun 10 2022 13.5 Put @ 1.14,1,CHPT Jun 10 2022 13.5 Put,1.14,0.65,113.34,0.01,,,
06/02/2022,43050678054,Bought 1 CHPT Jun 3 2022 13.5 Put @ 0.9,1,CHPT Jun 3 2022 13.5 Put,0.90,0.65,-90.66,0.01,,,
06/02/2022,43050975215,Sold 4 MVIS Jun 10 2022 5.0 Call @ 0.07,4,MVIS Jun 10 2022 5.0 Call,0.07,2.60,25.35,0.05,,,
06/02/2022,43051034675,Sold 1 AMD Jun 10 2022 95.0 Put @ 0.97,1,AMD Jun 10 2022 95.0 Put,0.97,0.65,96.34,0.01,,,
06/03/2022,43077158306,Sold 2 CPNG Jun 10 2022 13.5 Call @ 0.12,2,CPNG Jun 10 2022 13.5 Call,0.12,1.30,22.68,0.02,,,
06/03/2022,43077259171,Sold 1 PTON Jun 10 2022 14.0 Call @ 0.18,1,PTON Jun 10 2022 14.0 Call,0.18,0.65,17.34,0.01,,,
06/03/2022,43078253715,Bought 2 CHWY Jun 3 2022 29.0 Call @ 0.38,2,CHWY Jun 3 2022 29.0 Call,0.38,1.30,-77.32,0.02,,,
06/03/2022,43078306340,Sold 1 CHWY Jun 10 2022 33.0 Call @ 0.39,1,CHWY Jun 10 2022 33.0 Call,0.39,0.65,38.34,0.01,,,
06/03/2022,43078310466,Sold 1 CHWY Jun 10 2022 33.0 Call @ 0.4,1,CHWY Jun 10 2022 33.0 Call,0.40,0.65,39.34,0.01,,,
06/03/2022,43078765915,CLIENT REQUESTED ELECTRONIC FUNDING RECEIPT (FUNDS NOW),,,,,3000.00,,,,
06/03/2022,43079074874,Sold 1 MVIS Jun 10 2022 3.5 Put @ 0.1,1,MVIS Jun 10 2022 3.5 Put,0.10,0.65,9.34,0.01,,,
06/06/2022,43105257854,Sold 1 CHPT Jun 10 2022 16.0 Put @ 1.15,1,CHPT Jun 10 2022 16.0 Put,1.15,0.65,114.34,0.01,,,
06/07/2022,43139785401,Bought 1 CHPT Jun 10 2022 13.0 Call @ 2.74,1,CHPT Jun 10 2022 13.0 Call,2.74,0.65,-274.66,0.01,,,
06/07/2022,43139785627,Sold 1 CHPT Jun 17 2022 13.5 Call @ 2.43,1,CHPT Jun 17 2022 13.5 Call,2.43,0.65,242.33,0.02,,,
06/07/2022,43139853797,Sold 1 CHPT Jun 10 2022 18.0 Put @ 2.48,1,CHPT Jun 10 2022 18.0 Put,2.48,0.65,247.33,0.02,,,
06/07/2022,43139881466,Bought 1 CHPT Jun 10 2022 13.5 Put @ 0.07,1,CHPT Jun 10 2022 13.5 Put,0.07,0.65,-7.66,0.01,,,
06/07/2022,43139917449,Bought 1 PYPL Jun 10 2022 89.0 Call @ 1.46,1,PYPL Jun 10 2022 89.0 Call,1.46,0.65,-146.66,0.01,,,
06/07/2022,43139922021,Sold 1 PYPL Jun 17 2022 92.0 Call @ 1.69,1,PYPL Jun 17 2022 92.0 Call,1.69,0.65,168.34,0.01,,,
06/07/2022,43139980376,Bought 2 CHWY Jun 10 2022 33.0 Call @ 0.08,2,CHWY Jun 10 2022 33.0 Call,0.08,1.30,-17.32,0.02,,,
06/07/2022,43140005636,Sold 2 CHWY Jun 17 2022 33.0 Call @ 0.44,2,CHWY Jun 17 2022 33.0 Call,0.44,1.30,86.68,0.02,,,
06/07/2022,43140040213,Bought 1 BMBL Jun 17 2022 25.0 Call @ 7.73,1,BMBL Jun 17 2022 25.0 Call,7.73,0.65,-773.66,0.01,,,
06/07/2022,43140040726,Sold 1 BMBL Jul 15 2022 30.0 Call @ 4.53,1,BMBL Jul 15 2022 30.0 Call,4.53,0.65,452.33,0.02,,,
06/07/2022,43140632968,Bought 1 CHPT Jun 10 2022 16.0 Put @ 1.05,1,CHPT Jun 10 2022 16.0 Put,1.05,0.65,-105.66,0.01,,,
06/07/2022,43144829807,Sold 2 FUBO Jun 17 2022 4.0 Call @ 0.05,2,FUBO Jun 17 2022 4.0 Call,0.05,1.30,8.68,0.02,,,
06/09/2022,43188683286,Bought 4 MVIS Jun 10 2022 5.0 Call @ 0.01,4,MVIS Jun 10 2022 5.0 Call,0.01,0.00,-4.04,0.04,,,
06/09/2022,43188711833,Sold 4 MVIS Jun 17 2022 4.5 Call @ 0.09,4,MVIS Jun 17 2022 4.5 Call,0.09,2.60,33.35,0.05,,,
06/09/2022,43188829219,Sold 1 PYPL Jun 17 2022 78.0 Put @ 0.57,1,PYPL Jun 17 2022 78.0 Put,0.57,0.65,56.34,0.01,,,
06/13/2022,43241245312,Bought 100 AMD @ 95,100,AMD,95.00,,-9500.00,,,,
06/13/2022,43241249328,Bought 100 CHPT @ 18,100,CHPT,18.00,,-1800.00,,,,
06/13/2022,43241256591,Bought 100 MVIS @ 3.5,100,MVIS,3.50,,-350.00,,,,
06/13/2022,43241322562,REMOVAL OF OPTION DUE TO ASSIGNMENT (0MVIS.RA20003500),1,,,,0.00,,,,
06/13/2022,43241357578,REMOVAL OF OPTION DUE TO ASSIGNMENT (0AMD..RA20095000),1,,,,0.00,,,,
06/13/2022,43241366166,REMOVAL OF OPTION DUE TO ASSIGNMENT (0CHPT.RA20018000),1,,,,0.00,,,,
06/13/2022,43241509912,REMOVAL OF OPTION DUE TO EXPIRATION (0PTON.FA20014000),1,,,,0.00,,,,
06/13/2022,43241696920,REMOVAL OF OPTION DUE TO EXPIRATION (0RBLX.FA20037500),1,,,,0.00,,,,
06/13/2022,43241713468,REMOVAL OF OPTION DUE TO EXPIRATION (0CPNG.FA20013500),2,,,,0.00,,,,
06/13/2022,43248716738,Sold 100 AMD @ 91.175,100,AMD,91.175,0.00,9117.28,0.22,,,
06/14/2022,43281106268,Bought 1 PYPL Jun 17 2022 92.0 Call @ 0.03,1,PYPL Jun 17 2022 92.0 Call,0.03,0.00,-3.01,0.01,,,
06/14/2022,43281523157,Bought 1 PYPL Jun 17 2022 78.0 Put @ 5.76,1,PYPL Jun 17 2022 78.0 Put,5.76,0.65,-576.66,0.01,,,
06/14/2022,43281523179,Sold 1 PYPL Jul 1 2022 76.0 Put @ 6.02,1,PYPL Jul 1 2022 76.0 Put,6.02,0.65,601.33,0.02,,,
06/14/2022,43282404363,Sold 1 DKNG Jun 24 2022 14.0 Call @ 0.14,1,DKNG Jun 24 2022 14.0 Call,0.14,0.65,13.34,0.01,,,
06/14/2022,43282469665,Bought 4 MVIS Jun 17 2022 4.5 Call @ 0.01,4,MVIS Jun 17 2022 4.5 Call,0.01,0.00,-4.04,0.04,,,
06/15/2022,43318497281,Sold 1 RBLX Jun 24 2022 34.5 Call @ 0.29,1,RBLX Jun 24 2022 34.5 Call,0.29,0.65,28.34,0.01,,,
06/15/2022,43318559473,Sold 2 CHPT Jun 24 2022 15.5 Call @ 0.14,2,CHPT Jun 24 2022 15.5 Call,0.14,1.30,26.68,0.02,,,
06/15/2022,43318592579,Sold 1 CPNG Jun 24 2022 13.5 Call @ 0.11,1,CPNG Jun 24 2022 13.5 Call,0.11,0.65,10.34,0.01,,,
06/15/2022,43318595092,Sold 1 CPNG Jun 24 2022 13.5 Call @ 0.12,1,CPNG Jun 24 2022 13.5 Call,0.12,0.65,11.34,0.01,,,
06/15/2022,43318668312,Sold 1 PYPL Jun 24 2022 83.0 Call @ 0.47,1,PYPL Jun 24 2022 83.0 Call,0.47,0.65,46.34,0.01,,,
06/16/2022,43352850825,Bought 2 FUBO Jun 17 2022 4.0 Call @ 0.01,2,FUBO Jun 17 2022 4.0 Call,0.01,0.00,-2.02,0.02,,,
06/16/2022,43352853798,Bought 2 CHWY Jun 17 2022 33.0 Call @ 0.03,2,CHWY Jun 17 2022 33.0 Call,0.03,0.00,-6.02,0.02,,,
06/16/2022,43352917822,Sold 2 CHWY Jun 24 2022 32.5 Call @ 0.39,2,CHWY Jun 24 2022 32.5 Call,0.39,1.30,76.68,0.02,,,
06/17/2022,43385149339,Sold 1 CHPT Jun 24 2022 14.0 Call @ 0.7,1,CHPT Jun 24 2022 14.0 Call,0.70,0.65,69.34,0.01,,,
06/17/2022,43385150253,Bought 1 CHPT Jun 17 2022 13.5 Call @ 0.64,1,CHPT Jun 17 2022 13.5 Call,0.64,0.65,-64.66,0.01,,,
06/22/2022,43437156685,Bought 2 CHWY Jun 24 2022 32.5 Call @ 1.11,2,CHWY Jun 24 2022 32.5 Call,1.11,1.30,-223.32,0.02,,,
06/22/2022,43437157158,Sold 2 CHWY Jul 1 2022 34.0 Call @ 1.22,2,CHWY Jul 1 2022 34.0 Call,1.22,1.30,242.67,0.03,,,
06/22/2022,43437304900,Bought 1 PYPL Jun 24 2022 83.0 Call @ 0.03,1,PYPL Jun 24 2022 83.0 Call,0.03,0.00,-3.01,0.01,,,
06/22/2022,43437396064,Sold 1 PYPL Jul 1 2022 79.0 Call @ 0.78,1,PYPL Jul 1 2022 79.0 Call,0.78,0.65,77.34,0.01,,,
06/23/2022,43465009918,Sold 1 RBLX Jul 1 2022 37.0 Call @ 1.09,1,RBLX Jul 1 2022 37.0 Call,1.09,0.65,108.34,0.01,,,
06/23/2022,43465009979,Bought 1 RBLX Jun 24 2022 34.5 Call @ 0.86,1,RBLX Jun 24 2022 34.5 Call,0.86,0.65,-86.66,0.01,,,
06/24/2022,43493975914,Bought 1 CHPT Jun 24 2022 14.0 Call @ 1.22,1,CHPT Jun 24 2022 14.0 Call,1.22,0.65,-122.66,0.01,,,
06/24/2022,43493978273,Sold 1 CHPT Jul 1 2022 14.5 Call @ 1.18,1,CHPT Jul 1 2022 14.5 Call,1.18,0.65,117.34,0.01,,,
06/24/2022,43494376023,Bought 1 DKNG Jun 24 2022 14.0 Call @ 0.08,1,DKNG Jun 24 2022 14.0 Call,0.08,0.65,-8.66,0.01,,,
06/27/2022,43514008970,REMOVAL OF OPTION DUE TO EXPIRATION (0CPNG.FO20013500),2,,,,0.00,,,,
06/27/2022,43514109284,REMOVAL OF OPTION DUE TO EXPIRATION (0CHPT.FO20015500),2,,,,0.00,,,,
06/27/2022,43530284055,Sold 1 CHWY Jul 1 2022 37.0 Put @ 1.04,1,CHWY Jul 1 2022 37.0 Put,1.04,0.65,103.34,0.01,,,
06/29/2022,43589900746,Sold 1 PYPL Jul 8 2022 75.0 Put @ 4.74,1,PYPL Jul 8 2022 75.0 Put,4.74,0.65,473.33,0.02,,,
06/29/2022,43589900829,Bought 1 PYPL Jul 1 2022 76.0 Put @ 4.77,1,PYPL Jul 1 2022 76.0 Put,4.77,0.65,-477.66,0.01,,,
06/29/2022,43590051475,Bought 1 CHWY Jul 1 2022 37.0 Put @ 2.16,1,CHWY Jul 1 2022 37.0 Put,2.16,0.65,-216.66,0.01,,,
06/29/2022,43590051597,Sold 1 CHWY Jul 8 2022 36.0 Put @ 2.17,1,CHWY Jul 8 2022 36.0 Put,2.17,0.65,216.34,0.01,,,
06/29/2022,43590130028,Sold 2 CPNG Jul 8 2022 14.5 Call @ 0.12,2,CPNG Jul 8 2022 14.5 Call,0.12,1.30,22.68,0.02,,,
06/29/2022,43590143353,Sold 1 DKNG Jul 8 2022 14.0 Call @ 0.19,1,DKNG Jul 8 2022 14.0 Call,0.19,0.65,18.34,0.01,,,
06/29/2022,43590165983,Sold 1 PTON Jul 8 2022 10.5 Call @ 0.21,1,PTON Jul 8 2022 10.5 Call,0.21,0.65,20.34,0.01,,,
06/29/2022,43590203651,Bought 1 PYPL Jul 1 2022 79.0 Call @ 0.08,1,PYPL Jul 1 2022 79.0 Call,0.08,0.65,-8.66,0.01,,,
06/29/2022,43590208983,Sold 1 PYPL Jul 8 2022 78.0 Call @ 0.63,1,PYPL Jul 8 2022 78.0 Call,0.63,0.65,62.34,0.01,,,
06/29/2022,43590236878,Sold 1 AMD Jul 8 2022 71.0 Put @ 0.86,1,AMD Jul 8 2022 71.0 Put,0.86,0.65,85.34,0.01,,,
06/30/2022,43656318584,MARGIN INTEREST ADJUSTMENT,,,,,-1.55,,,,
06/30/2022,43656318585,FREE BALANCE INTEREST ADJUSTMENT,,,,,0.01,,,,
07/01/2022,43687544091,Bought 2 CHWY Jul 1 2022 34.0 Call @ 2.22,2,CHWY Jul 1 2022 34.0 Call,2.22,1.30,-445.32,0.02,,,
07/01/2022,43687544268,Sold 2 CHWY Jul 8 2022 34.5 Call @ 2.51,2,CHWY Jul 8 2022 34.5 Call,2.51,1.30,500.67,0.03,,,
07/01/2022,43687671210,Bought 1 CHPT Jul 1 2022 14.5 Call @ 0.02,1,CHPT Jul 1 2022 14.5 Call,0.02,0.00,-2.01,0.01,,,
07/01/2022,43687686553,Bought 1 RBLX Jul 1 2022 37.0 Call @ 0.05,1,RBLX Jul 1 2022 37.0 Call,0.05,0.00,-5.01,0.01,,,
07/06/2022,43748883573,Sold 2 CPNG Jul 15 2022 14.5 Call @ 1.67,2,CPNG Jul 15 2022 14.5 Call,1.67,1.30,332.67,0.03,,,
07/06/2022,43748883598,Bought 2 CPNG Jul 8 2022 14.5 Call @ 1.47,2,CPNG Jul 8 2022 14.5 Call,1.47,1.30,-295.32,0.02,,,
07/06/2022,43749753329,Bought 1 PYPL Jul 8 2022 75.0 Put @ 2.42,1,PYPL Jul 8 2022 75.0 Put,2.42,0.65,-242.66,0.01,,,
07/06/2022,43749753653,Sold 1 PYPL Jul 15 2022 73.0 Put @ 2.57,1,PYPL Jul 15 2022 73.0 Put,2.57,0.65,256.33,0.02,,,
07/06/2022,43750870769,Bought 2 CHWY Jul 8 2022 34.5 Call @ 4.69,2,CHWY Jul 8 2022 34.5 Call,4.69,1.30,-939.32,0.02,,,
07/06/2022,43750870895,Sold 2 CHWY Jul 15 2022 35.0 Call @ 4.74,2,CHWY Jul 15 2022 35.0 Call,4.74,1.30,946.66,0.04,,,
07/06/2022,43750947987,Sold 1 CHWY Jul 15 2022 33.0 Put @ 0.31,1,CHWY Jul 15 2022 33.0 Put,0.31,0.65,30.34,0.01,,,
07/07/2022,43779251759,Bought 1 AMD Jul 8 2022 71.0 Put @ 0.02,1,AMD Jul 8 2022 71.0 Put,0.02,0.00,-2.01,0.01,,,
07/07/2022,43779267444,Bought 1 CHWY Jul 8 2022 36.0 Put @ 0.03,1,CHWY Jul 8 2022 36.0 Put,0.03,0.00,-3.01,0.01,,,
07/07/2022,43779303860,Bought 1 DKNG Jul 8 2022 14.0 Call @ 0.03,1,DKNG Jul 8 2022 14.0 Call,0.03,0.00,-3.01,0.01,,,
07/07/2022,43779312808,Bought 1 PTON Jul 8 2022 10.5 Call @ 0.31,1,PTON Jul 8 2022 10.5 Call,0.31,0.65,-31.66,0.01,,,
07/07/2022,43779312862,Sold 1 PTON Jul 15 2022 11.5 Call @ 0.31,1,PTON Jul 15 2022 11.5 Call,0.31,0.65,30.34,0.01,,,
07/07/2022,43779345932,Bought 100 ARVL @ 1.615,100,ARVL,1.615,0.00,-161.50,,,,
07/07/2022,43779364937,Bought 100 MVIS @ 4.925,100,MVIS,4.925,0.00,-492.50,,,,
07/07/2022,43779434280,Sold 1 CHPT Jul 15 2022 14.0 Put @ 0.91,1,CHPT Jul 15 2022 14.0 Put,0.91,0.65,90.34,0.01,,,
07/07/2022,43779463397,Bought 1 PYPL Jul 8 2022 78.0 Call @ 0.16,1,PYPL Jul 8 2022 78.0 Call,0.16,0.65,-16.66,0.01,,,
07/07/2022,43779486752,Sold 1 PYPL Jul 15 2022 81.0 Call @ 0.56,1,PYPL Jul 15 2022 81.0 Call,0.56,0.65,55.34,0.01,,,
07/08/2022,43804791819,Sold 1 DKNG Jul 15 2022 14.5 Call @ 0.14,1,DKNG Jul 15 2022 14.5 Call,0.14,0.65,13.34,0.01,,,
07/08/2022,43804890229,Sold 1 RBLX Jul 15 2022 47.0 Call @ 0.45,1,RBLX Jul 15 2022 47.0 Call,0.45,0.65,44.34,0.01,,,
07/08/2022,43805203184,Sold 2 CHPT Jul 15 2022 16.5 Call @ 0.17,2,CHPT Jul 15 2022 16.5 Call,0.17,1.30,32.68,0.02,,,
07/08/2022,43804899372,Sold 1 CHPT Jul 15 2022 16.5 Call @ 0.17,1,CHPT Jul 15 2022 16.5 Call,0.17,0.65,16.34,0.01,,,
07/12/2022,43859389321,Bought 1 CHWY Jul 15 2022 33.0 Put @ 0.02,1,CHWY Jul 15 2022 33.0 Put,0.02,0.00,-2.01,0.01,,,
07/12/2022,43860322920,Bought 1 DKNG Jul 15 2022 14.5 Call @ 0.03,1,DKNG Jul 15 2022 14.5 Call,0.03,0.00,-3.01,0.01,,,
07/13/2022,43878859727,Bought 1 PYPL Jul 15 2022 81.0 Call @ 0.03,1,PYPL Jul 15 2022 81.0 Call,0.03,0.00,-3.01,0.01,,,
07/13/2022,43878866598,Bought 1 RBLX Jul 15 2022 47.0 Call @ 0.03,1,RBLX Jul 15 2022 47.0 Call,0.03,0.00,-3.01,0.01,,,
07/13/2022,43878898522,Bought 1 BMBL Jul 15 2022 30.0 Call @ 3.41,1,BMBL Jul 15 2022 30.0 Call,3.41,0.65,-341.66,0.01,,,
07/13/2022,43878898583,Sold 1 BMBL Aug 19 2022 35.0 Call @ 3.02,1,BMBL Aug 19 2022 35.0 Call,3.02,0.65,301.33,0.02,,,
07/13/2022,43878921859,Bought 3 CHPT Jul 15 2022 16.5 Call @ 0.02,3,CHPT Jul 15 2022 16.5 Call,0.02,0.00,-6.03,0.03,,,
07/13/2022,43878948403,Bought 2 CHWY Jul 15 2022 35.0 Call @ 9.15,2,CHWY Jul 15 2022 35.0 Call,9.15,1.30,-1831.32,0.02,,,
07/13/2022,43878971090,Sold 1 CHWY Jul 22 2022 49.0 Call @ 0.74,1,CHWY Jul 22 2022 49.0 Call,0.74,0.65,73.34,0.01,,,
07/13/2022,43879077610,Bought 1 PTON Jul 15 2022 11.5 Call @ 0.03,1,PTON Jul 15 2022 11.5 Call,0.03,0.00,-3.01,0.01,,,
07/13/2022,43879148729,Sold 1 RBLX Jul 22 2022 42.5 Call @ 0.56,1,RBLX Jul 22 2022 42.5 Call,0.56,0.65,55.34,0.01,,,
07/13/2022,43879174407,Sold 1 PTON Jul 22 2022 10.5 Call @ 0.16,1,PTON Jul 22 2022 10.5 Call,0.16,0.65,15.34,0.01,,,
07/13/2022,43879192181,Sold 3 CHPT Jul 22 2022 14.0 Call @ 0.15,3,CHPT Jul 22 2022 14.0 Call,0.15,1.95,43.01,0.04,,,
07/13/2022,43879205311,Sold 1 PYPL Jul 22 2022 71.0 Put @ 2.61,1,PYPL Jul 22 2022 71.0 Put,2.61,0.65,260.33,0.02,,,
07/13/2022,43879205406,Bought 1 PYPL Jul 15 2022 73.0 Put @ 2.54,1,PYPL Jul 15 2022 73.0 Put,2.54,0.65,-254.66,0.01,,,
07/13/2022,43879300035,Sold 1 CHPT Jul 22 2022 14.0 Put @ 2.14,1,CHPT Jul 22 2022 14.0 Put,2.14,0.65,213.34,0.01,,,
07/13/2022,43879300073,Bought 1 CHPT Jul 15 2022 14.0 Put @ 2.01,1,CHPT Jul 15 2022 14.0 Put,2.01,0.65,-201.66,0.01,,,
07/13/2022,43879339335,Sold 1 DKNG Jul 22 2022 13.0 Call @ 0.24,1,DKNG Jul 22 2022 13.0 Call,0.24,0.65,23.34,0.01,,,
07/15/2022,43923683787,Sold 1 PYPL Jul 22 2022 79.0 Call @ 0.37,1,PYPL Jul 22 2022 79.0 Call,0.37,0.65,36.34,0.01,,,
07/18/2022,43938439633,Sold 200 CPNG @ 14.5,200,CPNG,14.50,,2899.90,0.10,,,
07/18/2022,43938653636,REMOVAL OF OPTION DUE TO ASSIGNMENT (0CPNG.GF20014500),2,,,,0.00,,,,
07/18/2022,43948669615,Bought 200 CPNG @ 16.19,200,CPNG,16.19,0.00,-3238.00,,,,
07/18/2022,43948739581,Bought 200 MVIS @ 5.225,200,MVIS,5.225,0.00,-1045.00,,,,
07/21/2022,44016288960,Bought 1 PYPL Jul 22 2022 71.0 Put @ 0.01,1,PYPL Jul 22 2022 71.0 Put,0.01,0.00,-1.01,0.01,,,
07/21/2022,44019324109,Sold 1 DKNG Jul 29 2022 13.0 Call @ 1.4,1,DKNG Jul 29 2022 13.0 Call,1.40,0.65,139.34,0.01,,,
07/21/2022,44019324116,Bought 1 DKNG Jul 22 2022 13.0 Call @ 1.15,1,DKNG Jul 22 2022 13.0 Call,1.15,0.65,-115.66,0.01,,,
07/21/2022,44019363571,Sold 3 CHPT Jul 29 2022 14.5 Call @ 0.81,3,CHPT Jul 29 2022 14.5 Call,0.81,1.95,241.00,0.05,,,
07/21/2022,44019363585,Bought 3 CHPT Jul 22 2022 14.0 Call @ 0.81,3,CHPT Jul 22 2022 14.0 Call,0.81,1.95,-244.98,0.03,,,
07/21/2022,44019855769,Sold 1 PTON Jul 29 2022 11.0 Call @ 0.74,1,PTON Jul 29 2022 11.0 Call,0.74,0.65,73.34,0.01,,,
07/21/2022,44019856837,Bought 1 PTON Jul 22 2022 10.5 Call @ 0.74,1,PTON Jul 22 2022 10.5 Call,0.74,0.65,-74.66,0.01,,,
07/21/2022,44019889718,Sold 1 PYPL Jul 29 2022 81.0 Call @ 3.68,1,PYPL Jul 29 2022 81.0 Call,3.68,0.65,367.33,0.02,,,
07/21/2022,44019889768,Bought 1 PYPL Jul 22 2022 79.0 Call @ 3.47,1,PYPL Jul 22 2022 79.0 Call,3.47,0.65,-347.66,0.01,,,
07/22/2022,44044598380,Bought 1 RBLX Jul 22 2022 42.5 Call @ 0.01,1,RBLX Jul 22 2022 42.5 Call,0.01,0.00,-1.01,0.01,,,
07/22/2022,44044644754,Bought 1 CHWY Jul 22 2022 49.0 Call @ 0.01,1,CHWY Jul 22 2022 49.0 Call,0.01,0.00,-1.01,0.01,,,
07/22/2022,44044854192,CLIENT REQUESTED ELECTRONIC FUNDING RECEIPT (FUNDS NOW),,,,,6000.00,,,,
07/22/2022,44044911538,Bought 1 CHPT Jul 22 2022 14.0 Put @ 0.07,1,CHPT Jul 22 2022 14.0 Put,0.07,0.65,-7.66,0.01,,,
07/25/2022,44064367853,Sold 2 CHWY Jul 29 2022 48.0 Call @ 0.2,2,CHWY Jul 29 2022 48.0 Call,0.20,1.30,38.68,0.02,,,
07/25/2022,44064472087,Sold 1 RBLX Jul 29 2022 44.0 Call @ 0.31,1,RBLX Jul 29 2022 44.0 Call,0.31,0.65,30.34,0.01,,,
07/25/2022,44064521089,Sold 1 PYPL Jul 29 2022 75.0 Put @ 0.45,1,PYPL Jul 29 2022 75.0 Put,0.45,0.65,44.34,0.01,,,
07/25/2022,44064632929,Sold 1 MVIS Jul 29 2022 4.5 Put @ 0.23,1,MVIS Jul 29 2022 4.5 Put,0.23,0.65,22.34,0.01,,,
07/26/2022,44087573182,Bought 2 CHWY Jul 29 2022 48.0 Call @ 0.03,2,CHWY Jul 29 2022 48.0 Call,0.03,0.00,-6.02,0.02,,,
07/27/2022,44110435809,Sold 1 PYPL Aug 5 2022 85.0 Call @ 5.71,1,PYPL Aug 5 2022 85.0 Call,5.71,0.65,570.33,0.02,,,
07/27/2022,44110435902,Bought 1 PYPL Jul 29 2022 81.0 Call @ 5.25,1,PYPL Jul 29 2022 81.0 Call,5.25,0.65,-525.66,0.01,,,
07/27/2022,44110538128,Bought 1 PTON Jul 29 2022 11.0 Call @ 0.03,1,PTON Jul 29 2022 11.0 Call,0.03,0.00,-3.01,0.01,,,
07/27/2022,44110563034,Sold 1 PYPL Aug 5 2022 85.0 Put @ 5,1,PYPL Aug 5 2022 85.0 Put,5.00,0.65,499.33,0.02,,,
07/27/2022,44110593378,Sold 2 CPNG Aug 5 2022 19.5 Call @ 0.15,2,CPNG Aug 5 2022 19.5 Call,0.15,1.30,28.68,0.02,,,
07/27/2022,44110670824,Bought 1 PYPL Jul 29 2022 75.0 Put @ 0.06,1,PYPL Jul 29 2022 75.0 Put,0.06,0.65,-6.66,0.01,,,
07/27/2022,44110691862,Sold 2 CHWY Aug 5 2022 44.0 Call @ 0.45,2,CHWY Aug 5 2022 44.0 Call,0.45,1.30,88.68,0.02,,,
07/27/2022,44110712782,Sold 1 CHWY Aug 5 2022 35.0 Put @ 0.69,1,CHWY Aug 5 2022 35.0 Put,0.69,0.65,68.34,0.01,,,
07/27/2022,44110732820,Sold 1 PTON Aug 5 2022 10.5 Call @ 0.13,1,PTON Aug 5 2022 10.5 Call,0.13,0.65,12.34,0.01,,,
07/27/2022,44112505553,FREE BALANCE INTEREST ADJUSTMENT,,,,,0.07,,,,
07/29/2022,44169705067,Bought 1 MVIS Jul 29 2022 4.5 Put @ 0.01,1,MVIS Jul 29 2022 4.5 Put,0.01,0.00,-1.01,0.01,,,
07/29/2022,44170530680,Sold 1 DKNG Aug 5 2022 14.0 Call @ 0.62,1,DKNG Aug 5 2022 14.0 Call,0.62,0.65,61.34,0.01,,,
07/29/2022,44170530747,Bought 1 DKNG Jul 29 2022 13.0 Call @ 0.62,1,DKNG Jul 29 2022 13.0 Call,0.62,0.65,-62.66,0.01,,,
07/29/2022,44170690860,Bought 1 RBLX Jul 29 2022 44.0 Call @ 0.01,1,RBLX Jul 29 2022 44.0 Call,0.01,0.00,-1.01,0.01,,,
07/29/2022,44170754892,Sold 1 RBLX Aug 5 2022 47.0 Call @ 0.47,1,RBLX Aug 5 2022 47.0 Call,0.47,0.65,46.34,0.01,,,
07/29/2022,44170927965,Sold 3 CHPT Aug 5 2022 15.0 Call @ 0.82,3,CHPT Aug 5 2022 15.0 Call,0.82,1.95,244.00,0.05,,,
07/29/2022,44170928552,Bought 3 CHPT Jul 29 2022 14.5 Call @ 0.79,3,CHPT Jul 29 2022 14.5 Call,0.79,1.95,-238.98,0.03,,,
07/29/2022,44195102547,FREE BALANCE INTEREST ADJUSTMENT,,,,,0.36,,,,
08/01/2022,44228230954,CLIENT REQUESTED ELECTRONIC FUNDING RECEIPT (FUNDS NOW),,,,,6000.00,,,,
08/01/2022,44228866757,Bought 200 MVIS @ 5.2974,200,MVIS,5.2974,0.00,-1059.48,,,,
08/01/2022,44228906125,Bought 100 PYPL @ 88.983,100,PYPL,88.983,0.00,-8898.30,,,,
08/01/2022,44229033450,Sold 1 PYPL Aug 5 2022 103.0 Call @ 0.7,1,PYPL Aug 5 2022 103.0 Call,0.70,0.65,69.34,0.01,,,
08/02/2022,44259068616,Bought 1 CHWY Aug 5 2022 35.0 Put @ 0.03,1,CHWY Aug 5 2022 35.0 Put,0.03,0.00,-3.01,0.01,,,
08/03/2022,44284822046,Bought 1 PYPL Aug 5 2022 85.0 Put @ 0.02,1,PYPL Aug 5 2022 85.0 Put,0.02,0.00,-2.01,0.01,,,
08/03/2022,44287154790,Bought 2 CHWY Aug 5 2022 44.0 Call @ 0.36,2,CHWY Aug 5 2022 44.0 Call,0.36,1.30,-73.32,0.02,,,
08/03/2022,44287667366,Sold 2 CHWY Aug 12 2022 48.0 Call @ 0.3,2,CHWY Aug 12 2022 48.0 Call,0.30,1.30,58.68,0.02,,,
08/05/2022,44341932432,Sold 1 RBLX Aug 12 2022 52.0 Call @ 2.57,1,RBLX Aug 12 2022 52.0 Call,2.57,0.65,256.33,0.02,,,
08/05/2022,44341940031,Bought 1 RBLX Aug 5 2022 47.0 Call @ 2.3,1,RBLX Aug 5 2022 47.0 Call,2.30,0.65,-230.66,0.01,,,
08/05/2022,44341944582,Bought 1 PYPL Aug 5 2022 103.0 Call @ 0.01,1,PYPL Aug 5 2022 103.0 Call,0.01,0.00,-1.01,0.01,,,
08/05/2022,44341957410,Bought 1 PYPL Aug 5 2022 85.0 Call @ 10.55,1,PYPL Aug 5 2022 85.0 Call,10.55,0.65,-1055.66,0.01,,,
08/05/2022,44341957521,Sold 1 PYPL Aug 12 2022 85.0 Call @ 10.65,1,PYPL Aug 12 2022 85.0 Call,10.65,0.65,1064.32,0.03,,,
08/05/2022,44341968113,Bought 1 PTON Aug 5 2022 10.5 Call @ 1.17,1,PTON Aug 5 2022 10.5 Call,1.17,0.65,-117.66,0.01,,,
08/05/2022,44341968138,Sold 1 PTON Aug 12 2022 10.5 Call @ 1.43,1,PTON Aug 12 2022 10.5 Call,1.43,0.65,142.34,0.01,,,
08/05/2022,44341976397,Sold 1 DKNG Aug 12 2022 14.0 Call @ 4.6,1,DKNG Aug 12 2022 14.0 Call,4.60,0.65,459.33,0.02,,,
08/05/2022,44341976544,Bought 1 DKNG Aug 5 2022 14.0 Call @ 4.6,1,DKNG Aug 5 2022 14.0 Call,4.60,0.65,-460.66,0.01,,,
08/05/2022,44349258176,Sold 1 CHPT Aug 12 2022 15.5 Call @ 0.94,1,CHPT Aug 12 2022 15.5 Call,0.94,0.65,93.34,0.01,,,
08/05/2022,44349258194,Bought 1 CHPT Aug 5 2022 15.0 Call @ 0.96,1,CHPT Aug 5 2022 15.0 Call,0.96,0.65,-96.66,0.01,,,
08/05/2022,44342022660,Sold 2 CHPT Aug 12 2022 15.0 Call @ 1.27,2,CHPT Aug 12 2022 15.0 Call,1.27,1.30,252.67,0.03,,,
08/05/2022,44342022849,Bought 2 CHPT Aug 5 2022 15.0 Call @ 0.97,2,CHPT Aug 5 2022 15.0 Call,0.97,1.30,-195.32,0.02,,,
08/05/2022,44342041469,Bought 2 CPNG Aug 5 2022 19.5 Call @ 0.08,2,CPNG Aug 5 2022 19.5 Call,0.08,1.30,-17.32,0.02,,,
08/11/2022,44447790032,Bought 1 RBLX Aug 12 2022 52.0 Call @ 2.37,1,RBLX Aug 12 2022 52.0 Call,2.37,0.65,-237.66,0.01,,,
08/11/2022,44447790596,Sold 1 RBLX Aug 19 2022 54.0 Call @ 2.5,1,RBLX Aug 19 2022 54.0 Call,2.50,0.65,249.33,0.02,,,
08/11/2022,44448045323,Sold 2 CHWY Aug 19 2022 49.0 Call @ 3.3,2,CHWY Aug 19 2022 49.0 Call,3.30,1.30,658.66,0.04,,,
08/11/2022,44448047067,Bought 2 CHWY Aug 12 2022 48.0 Call @ 3.2,2,CHWY Aug 12 2022 48.0 Call,3.20,1.30,-641.32,0.02,,,
08/11/2022,44448089834,Sold 1 PTON Aug 19 2022 10.5 Call @ 2.78,1,PTON Aug 19 2022 10.5 Call,2.78,0.65,277.33,0.02,,,
08/11/2022,44448093095,Bought 1 PTON Aug 12 2022 10.5 Call @ 2.7,1,PTON Aug 12 2022 10.5 Call,2.70,0.65,-270.66,0.01,,,
08/11/2022,44448164126,Sold 1 CHPT Aug 19 2022 15.5 Call @ 1.41,1,CHPT Aug 19 2022 15.5 Call,1.41,0.65,140.34,0.01,,,
08/11/2022,44448168303,Bought 1 CHPT Aug 12 2022 15.5 Call @ 1.17,1,CHPT Aug 12 2022 15.5 Call,1.17,0.65,-117.66,0.01,,,
08/11/2022,44448255896,Sold 2 CHPT Aug 19 2022 15.0 Call @ 1.85,2,CHPT Aug 19 2022 15.0 Call,1.85,1.30,368.67,0.03,,,
08/11/2022,44448257487,Bought 2 CHPT Aug 12 2022 15.0 Call @ 1.7,2,CHPT Aug 12 2022 15.0 Call,1.70,1.30,-341.32,0.02,,,
08/11/2022,44448374961,Sold 1 DKNG Aug 19 2022 14.0 Call @ 5.93,1,DKNG Aug 19 2022 14.0 Call,5.93,0.65,592.33,0.02,,,
08/11/2022,44448375668,Bought 1 DKNG Aug 12 2022 14.0 Call @ 5.93,1,DKNG Aug 12 2022 14.0 Call,5.93,0.65,-593.66,0.01,,,
08/11/2022,44448445892,Sold 1 PYPL Aug 19 2022 85.0 Call @ 15.75,1,PYPL Aug 19 2022 85.0 Call,15.75,0.65,1574.30,0.05,,,
08/11/2022,44448447755,Bought 1 PYPL Aug 12 2022 85.0 Call @ 15.65,1,PYPL Aug 12 2022 85.0 Call,15.65,0.65,-1565.66,0.01,,,
08/18/2022,44580830122,Bought 1 RBLX Aug 19 2022 54.0 Call @ 0.02,1,RBLX Aug 19 2022 54.0 Call,0.02,0.00,-2.01,0.01,,,
08/18/2022,44580886709,Bought 1 PTON Aug 19 2022 10.5 Call @ 2.14,1,PTON Aug 19 2022 10.5 Call,2.14,0.65,-214.66,0.01,,,
08/18/2022,44580888048,Sold 1 PTON Aug 26 2022 11.0 Call @ 2.27,1,PTON Aug 26 2022 11.0 Call,2.27,0.65,226.33,0.02,,,
08/18/2022,44580964305,Sold 1 PYPL Aug 26 2022 85.0 Call @ 13.88,1,PYPL Aug 26 2022 85.0 Call,13.88,0.65,1387.31,0.04,,,
08/18/2022,44580965178,Bought 1 PYPL Aug 19 2022 85.0 Call @ 13.75,1,PYPL Aug 19 2022 85.0 Call,13.75,0.65,-1375.66,0.01,,,
08/18/2022,44580999899,Sold 1 DKNG Aug 26 2022 14.0 Call @ 5.72,1,DKNG Aug 26 2022 14.0 Call,5.72,0.65,571.33,0.02,,,
08/18/2022,44580999972,Bought 1 DKNG Aug 19 2022 14.0 Call @ 5.72,1,DKNG Aug 19 2022 14.0 Call,5.72,0.65,-572.66,0.01,,,
08/18/2022,44581015339,Bought 2 CHPT Aug 19 2022 15.0 Call @ 1.8,2,CHPT Aug 19 2022 15.0 Call,1.80,1.30,-361.32,0.02,,,
08/18/2022,44581016532,Sold 2 CHPT Aug 26 2022 15.0 Call @ 1.97,2,CHPT Aug 26 2022 15.0 Call,1.97,1.30,392.67,0.03,,,
08/18/2022,44581017357,Bought 1 CHPT Aug 19 2022 15.5 Call @ 1.3,1,CHPT Aug 19 2022 15.5 Call,1.30,0.65,-130.66,0.01,,,
08/18/2022,44581017484,Sold 1 CHPT Aug 26 2022 15.5 Call @ 1.54,1,CHPT Aug 26 2022 15.5 Call,1.54,0.65,153.34,0.01,,,
08/22/2022,44620205341,REMOVAL OF OPTION DUE TO EXPIRATION (0CHWY.HJ20049000),2,,,,0.00,,,,
08/22/2022,44620769407,REMOVAL OF OPTION DUE TO EXPIRATION (0BMBL.HJ20035000),1,,,,0.00,,,,
08/24/2022,44672264186,Sold 2 CHWY Sep 2 2022 51.0 Call @ 0.52,2,CHWY Sep 2 2022 51.0 Call,0.52,1.30,102.68,0.02,,,
08/24/2022,44672325479,Sold 1 RBLX Sep 2 2022 49.0 Call @ 0.31,1,RBLX Sep 2 2022 49.0 Call,0.31,0.65,30.34,0.01,,,
08/25/2022,44693584660,Sold 1 CHPT Sep 2 2022 16.5 Call @ 0.5,1,CHPT Sep 2 2022 16.5 Call,0.50,0.65,49.34,0.01,,,
08/25/2022,44693593923,Bought 1 CHPT Aug 26 2022 15.5 Call @ 0.36,1,CHPT Aug 26 2022 15.5 Call,0.36,0.65,-36.66,0.01,,,
08/25/2022,44693606110,Bought 2 CHPT Aug 26 2022 15.0 Call @ 0.63,2,CHPT Aug 26 2022 15.0 Call,0.63,1.30,-127.32,0.02,,,
08/25/2022,44693606281,Sold 2 CHPT Sep 2 2022 16.0 Call @ 0.68,2,CHPT Sep 2 2022 16.0 Call,0.68,1.30,134.68,0.02,,,
08/25/2022,44693699267,Bought 1 DKNG Aug 26 2022 14.0 Call @ 3.86,1,DKNG Aug 26 2022 14.0 Call,3.86,0.65,-386.66,0.01,,,
08/25/2022,44693700180,Sold 1 DKNG Sep 2 2022 14.0 Call @ 3.9,1,DKNG Sep 2 2022 14.0 Call,3.90,0.65,389.33,0.02,,,
08/25/2022,44693756119,Sold 1 PYPL Sep 2 2022 85.0 Call @ 10.65,1,PYPL Sep 2 2022 85.0 Call,10.65,0.65,1064.32,0.03,,,
08/25/2022,44693757747,Bought 1 PYPL Aug 26 2022 85.0 Call @ 10.4,1,PYPL Aug 26 2022 85.0 Call,10.40,0.65,-1040.66,0.01,,,
08/25/2022,44693756011,Sold 1 PYPL Sep 2 2022 91.0 Put @ 1.01,1,PYPL Sep 2 2022 91.0 Put,1.01,0.65,100.34,0.01,,,
08/26/2022,44724488836,Bought 1 PTON Aug 26 2022 11.0 Call @ 0.01,1,PTON Aug 26 2022 11.0 Call,0.01,0.00,-1.01,0.01,,,
08/31/2022,44826827411,FREE BALANCE INTEREST ADJUSTMENT,,,,,0.40,,,,
09/02/2022,44893347935,Bought 2 CHPT Sep 2 2022 16.0 Call @ 0.01,2,CHPT Sep 2 2022 16.0 Call,0.01,0.00,-2.02,0.02,,,
09/02/2022,44893350635,Bought 1 CHPT Sep 2 2022 16.5 Call @ 0.01,1,CHPT Sep 2 2022 16.5 Call,0.01,0.00,-1.01,0.01,,,
09/02/2022,44893349476,Bought 2 CHWY Sep 2 2022 51.0 Call @ 0.01,2,CHWY Sep 2 2022 51.0 Call,0.01,0.00,-2.02,0.02,,,
09/02/2022,44893491909,Bought 1 RBLX Sep 2 2022 49.0 Call @ 0.01,1,RBLX Sep 2 2022 49.0 Call,0.01,0.00,-1.01,0.01,,,
09/02/2022,44893518653,Bought 1 PYPL Sep 2 2022 85.0 Call @ 5.92,1,PYPL Sep 2 2022 85.0 Call,5.92,0.65,-592.66,0.01,,,
09/02/2022,44893518725,Sold 1 PYPL Sep 16 2022 86.0 Call @ 6.57,1,PYPL Sep 16 2022 86.0 Call,6.57,0.65,656.32,0.03,,,
09/02/2022,44893608147,Sold 1 RBLX Sep 9 2022 41.5 Call @ 0.28,1,RBLX Sep 9 2022 41.5 Call,0.28,0.65,27.34,0.01,,,
09/02/2022,44893647644,Sold 1 BMBL Oct 21 2022 30.0 Call @ 0.75,1,BMBL Oct 21 2022 30.0 Call,0.75,0.65,74.34,0.01,,,
09/06/2022,44907266769,Sold 100 DKNG @ 14,100,DKNG,14.00,,1399.96,0.04,,,
09/06/2022,44907310266,REMOVAL OF OPTION DUE TO ASSIGNMENT (0DKNG.I220014000),1,,,,0.00,,,,
09/06/2022,44907778146,REMOVAL OF OPTION DUE TO EXPIRATION (0PYPL.U220091000),1,,,,0.00,,,,
09/09/2022,45013192958,Sold 1 RBLX Sep 16 2022 42.5 Call @ 3.19,1,RBLX Sep 16 2022 42.5 Call,3.19,0.65,318.33,0.02,,,
09/09/2022,45013193076,Bought 1 RBLX Sep 9 2022 41.5 Call @ 3.01,1,RBLX Sep 9 2022 41.5 Call,3.01,0.65,-301.66,0.01,,,
09/13/2022,45067895319,Sold 2 CHWY Sep 23 2022 39.0 Call @ 0.34,2,CHWY Sep 23 2022 39.0 Call,0.34,1.30,66.68,0.02,,,
09/13/2022,45067957924,Sold 1 PYPL Sep 23 2022 86.0 Put @ 0.47,1,PYPL Sep 23 2022 86.0 Put,0.47,0.65,46.34,0.01,,,
09/13/2022,45067983988,Sold 1 PYPL Sep 23 2022 105.0 Call @ 0.58,1,PYPL Sep 23 2022 105.0 Call,0.58,0.65,57.34,0.01,,,
09/13/2022,45068024667,Sold 2 CPNG Sep 23 2022 20.0 Call @ 0.1,2,CPNG Sep 23 2022 20.0 Call,0.10,1.30,18.68,0.02,,,
09/13/2022,45068087901,Sold 2 SHOP Sep 23 2022 31.5 Put @ 0.97,2,SHOP Sep 23 2022 31.5 Put,0.97,1.30,192.68,0.02,,,
09/19/2022,45163683873,Sold 100 PYPL @ 86,100,PYPL,86.00,,8599.79,0.21,,,
09/19/2022,45163822853,REMOVAL OF OPTION DUE TO ASSIGNMENT (0PYPL.IG20086000),1,,,,0.00,,,,
09/19/2022,45164978075,REMOVAL OF OPTION DUE TO EXPIRATION (0RBLX.IG20042500),1,,,,0.00,,,,
09/22/2022,45249155492,Bought 2 SHOP Sep 23 2022 31.5 Put @ 2.3,2,SHOP Sep 23 2022 31.5 Put,2.30,1.30,-461.32,0.02,,,
09/22/2022,45249155551,Sold 2 SHOP Oct 7 2022 30.5 Put @ 2.52,2,SHOP Oct 7 2022 30.5 Put,2.52,1.30,502.67,0.03,,,
09/26/2022,45304320522,REMOVAL OF OPTION DUE TO EXPIRATION (0CHWY.IN20039000),2,,,,0.00,,,,
09/26/2022,45304427726,REMOVAL OF OPTION DUE TO EXPIRATION (0CPNG.IN20020000),2,,,,0.00,,,,
09/26/2022,45304593028,REMOVAL OF OPTION DUE TO EXPIRATION (0PYPL.IN20105000),1,,,,0.00,,,,
09/26/2022,45304674068,REMOVAL OF OPTION DUE TO EXPIRATION (0PYPL.UN20086000),1,,,,0.00,,,,
09/30/2022,45452549324,Sold 1 PYPL Sep 30 2022 86.0 Put @ 0.17,1,PYPL Sep 30 2022 86.0 Put,0.17,0.65,16.34,0.01,,,
09/30/2022,45452599048,Sold 1 PYPL Oct 7 2022 79.0 Put @ 0.46,1,PYPL Oct 7 2022 79.0 Put,0.46,0.65,45.34,0.01,,,
09/30/2022,45479343315,FREE BALANCE INTEREST ADJUSTMENT,,,,,1.14,,,,
10/03/2022,45494104236,REMOVAL OF OPTION DUE TO EXPIRATION (0PYPL.UU20086000),1,,,,0.00,,,,
10/03/2022,45517256304,Sold 2 CHWY Oct 7 2022 33.5 Call @ 0.26,2,CHWY Oct 7 2022 33.5 Call,0.26,1.30,50.68,0.02,,,
10/03/2022,45517283668,Bought 2 SHOP Oct 7 2022 30.5 Put @ 3.28,2,SHOP Oct 7 2022 30.5 Put,3.28,1.30,-657.32,0.02,,,
10/03/2022,45517283754,Sold 2 SHOP Oct 14 2022 30.0 Put @ 3.28,2,SHOP Oct 14 2022 30.0 Put,3.28,1.30,654.66,0.04,,,
10/03/2022,45517342819,Sold 1 RBLX Oct 7 2022 38.0 Call @ 0.37,1,RBLX Oct 7 2022 38.0 Call,0.37,0.65,36.34,0.01,,,
10/03/2022,45517369214,Sold 1 PYPL Oct 7 2022 91.0 Call @ 0.66,1,PYPL Oct 7 2022 91.0 Call,0.66,0.65,65.34,0.01,,,
10/03/2022,45517416813,Sold 3 CHPT Oct 14 2022 18.0 Call @ 0.12,3,CHPT Oct 14 2022 18.0 Call,0.12,1.95,34.01,0.04,,,
10/03/2022,45517453249,Sold 2 CPNG Oct 14 2022 19.0 Call @ 0.18,2,CPNG Oct 14 2022 19.0 Call,0.18,1.30,34.68,0.02,,,
10/03/2022,45518168815,Bought 1 BMBL Oct 21 2022 30.0 Call @ 0.05,1,BMBL Oct 21 2022 30.0 Call,0.05,0.00,-5.01,0.01,,,
10/04/2022,45554697653,Bought 1 PYPL Oct 7 2022 79.0 Put @ 0.02,1,PYPL Oct 7 2022 79.0 Put,0.02,0.00,-2.01,0.01,,,
10/07/2022,45643306113,Sold 2 CHWY Oct 14 2022 34.0 Call @ 3.05,2,CHWY Oct 14 2022 34.0 Call,3.05,1.30,608.67,0.03,,,
10/07/2022,45643306137,Bought 2 CHWY Oct 7 2022 33.5 Call @ 2.78,2,CHWY Oct 7 2022 33.5 Call,2.78,1.30,-557.32,0.02,,,
10/10/2022,45658403355,REMOVAL OF OPTION DUE TO EXPIRATION (0RBLX.J720038000),1,,,,0.00,,,,
10/10/2022,45658506415,REMOVAL OF OPTION DUE TO EXPIRATION (0PYPL.J720091000),1,,,,0.00,,,,
10/10/2022,45661912187,Sold 1 PYPL Oct 14 2022 91.0 Call @ 0.52,1,PYPL Oct 14 2022 91.0 Call,0.52,0.65,51.34,0.01,,,
10/10/2022,45661940474,Sold 1 RBLX Oct 14 2022 39.0 Call @ 0.3,1,RBLX Oct 14 2022 39.0 Call,0.30,0.65,29.34,0.01,,,
10/10/2022,45662031536,Sold 1 BMBL Oct 21 2022 25.0 Call @ 0.9,1,BMBL Oct 21 2022 25.0 Call,0.90,0.65,89.34,0.01,,,
10/12/2022,45712451733,Bought 2 SHOP Oct 14 2022 30.0 Put @ 4.07,2,SHOP Oct 14 2022 30.0 Put,4.07,1.30,-815.32,0.02,,,
10/12/2022,45712451835,Sold 2 SHOP Oct 28 2022 29.5 Put @ 4.4,2,SHOP Oct 28 2022 29.5 Put,4.40,1.30,878.66,0.04,,,
10/14/2022,45766185876,Bought 1 PYPL Oct 14 2022 91.0 Call @ 0.01,1,PYPL Oct 14 2022 91.0 Call,0.01,0.00,-1.01,0.01,,,
10/14/2022,45766377139,Sold 4 ROKU Oct 14 2022 49.5 Put @ 0.15,4,ROKU Oct 14 2022 49.5 Put,0.15,2.60,57.35,0.05,,,
10/14/2022,45766442573,Bought 4 ROKU Oct 14 2022 49.5 Put @ 0.24,4,ROKU Oct 14 2022 49.5 Put,0.24,2.60,-98.64,0.04,,,
10/14/2022,45766571341,Sold 4 ROKU Oct 14 2022 49.0 Put @ 0.1,4,ROKU Oct 14 2022 49.0 Put,0.10,2.60,37.35,0.05,,,
10/17/2022,45777763183,REMOVAL OF OPTION DUE TO EXPIRATION (0ROKU.VE20049000),4,,,,0.00,,,,
10/17/2022,45777766777,REMOVAL OF OPTION DUE TO EXPIRATION (0CPNG.JE20019000),2,,,,0.00,,,,
10/17/2022,45777856835,REMOVAL OF OPTION DUE TO EXPIRATION (0CHPT.JE20018000),3,,,,0.00,,,,
10/17/2022,45777926017,REMOVAL OF OPTION DUE TO EXPIRATION (0CHWY.JE20034000),2,,,,0.00,,,,
10/17/2022,45778121015,REMOVAL OF OPTION DUE TO EXPIRATION (0RBLX.JE20039000),1,,,,0.00,,,,
10/17/2022,45788927100,Sold 1 PYPL Oct 21 2022 88.0 Call @ 0.53,1,PYPL Oct 21 2022 88.0 Call,0.53,0.65,52.34,0.01,,,
10/17/2022,45788959332,Sold 1 PYPL Oct 21 2022 77.0 Put @ 0.48,1,PYPL Oct 21 2022 77.0 Put,0.48,0.65,47.34,0.01,,,
10/17/2022,45789023409,Sold 1 RBLX Oct 21 2022 46.0 Call @ 0.65,1,RBLX Oct 21 2022 46.0 Call,0.65,0.65,64.34,0.01,,,
10/17/2022,45789072630,Sold 2 CHWY Oct 21 2022 40.0 Call @ 0.24,2,CHWY Oct 21 2022 40.0 Call,0.24,1.30,46.68,0.02,,,
10/17/2022,45789170075,Sold 1 AAPL Oct 21 2022 137.0 Put @ 1.09,1,AAPL Oct 21 2022 137.0 Put,1.09,0.65,108.34,0.01,,,
10/17/2022,45789241482,Sold 3 CHPT Oct 21 2022 14.5 Call @ 0.12,3,CHPT Oct 21 2022 14.5 Call,0.12,1.95,34.01,0.04,,,
10/17/2022,45789259439,Sold 1 PTON Oct 21 2022 8.5 Call @ 0.21,1,PTON Oct 21 2022 8.5 Call,0.21,0.65,20.34,0.01,,,
10/18/2022,45813951106,Sold 1 COIN Oct 21 2022 60.0 Put @ 0.67,1,COIN Oct 21 2022 60.0 Put,0.67,0.65,66.34,0.01,,,
10/19/2022,45838010217,Bought 1 BMBL Oct 21 2022 25.0 Call @ 0.05,1,BMBL Oct 21 2022 25.0 Call,0.05,0.00,-5.01,0.01,,,
10/20/2022,45860350652,Bought 1 PYPL Oct 21 2022 77.0 Put @ 0.02,1,PYPL Oct 21 2022 77.0 Put,0.02,0.00,-2.01,0.01,,,
10/20/2022,45860367914,Bought 3 CHPT Oct 21 2022 14.5 Call @ 0.01,3,CHPT Oct 21 2022 14.5 Call,0.01,0.00,-3.03,0.03,,,
10/20/2022,45860487971,Bought 1 AAPL Oct 21 2022 137.0 Put @ 0.05,1,AAPL Oct 21 2022 137.0 Put,0.05,0.00,-5.01,0.01,,,
10/20/2022,45860528347,Sold 1 COIN Oct 28 2022 52.0 Put @ 0.53,1,COIN Oct 28 2022 52.0 Put,0.53,0.65,52.34,0.01,,,
10/20/2022,45860576005,Sold 1 AAPL Oct 28 2022 136.0 Put @ 1.46,1,AAPL Oct 28 2022 136.0 Put,1.46,0.65,145.34,0.01,,,
10/20/2022,45860600819,Bought 1 PTON Oct 21 2022 8.5 Call @ 0.03,1,PTON Oct 21 2022 8.5 Call,0.03,0.00,-3.01,0.01,,,
10/20/2022,45860613034,Bought 2 CHWY Oct 21 2022 40.0 Call @ 0.03,2,CHWY Oct 21 2022 40.0 Call,0.03,0.00,-6.02,0.02,,,
10/20/2022,45860627931,Sold 1 PTON Oct 28 2022 8.0 Call @ 0.27,1,PTON Oct 28 2022 8.0 Call,0.27,0.65,26.34,0.01,,,
10/20/2022,45860667989,Sold 2 CHWY Oct 28 2022 39.0 Call @ 0.34,2,CHWY Oct 28 2022 39.0 Call,0.34,1.30,66.68,0.02,,,
10/21/2022,45881421110,Bought 1 COIN Oct 21 2022 60.0 Put @ 0.01,1,COIN Oct 21 2022 60.0 Put,0.01,0.00,-1.01,0.01,,,
10/21/2022,45881857420,Bought 1 PYPL Oct 21 2022 88.0 Call @ 0.01,1,PYPL Oct 21 2022 88.0 Call,0.01,0.00,-1.01,0.01,,,
10/21/2022,45881957382,Bought 1 RBLX Oct 21 2022 46.0 Call @ 0.01,1,RBLX Oct 21 2022 46.0 Call,0.01,0.00,-1.01,0.01,,,
10/24/2022,45901370231,Sold 1 RBLX Oct 28 2022 45.0 Call @ 0.42,1,RBLX Oct 28 2022 45.0 Call,0.42,0.65,41.34,0.01,,,
10/24/2022,45901422276,Sold 1 BMBL Nov 18 2022 25.0 Call @ 1.01,1,BMBL Nov 18 2022 25.0 Call,1.01,0.65,100.34,0.01,,,
10/24/2022,45901463343,Sold 1 PYPL Oct 28 2022 87.0 Call @ 0.51,1,PYPL Oct 28 2022 87.0 Call,0.51,0.65,50.34,0.01,,,
10/24/2022,45901578057,Sold 3 CHPT Nov 4 2022 14.0 Call @ 0.16,3,CHPT Nov 4 2022 14.0 Call,0.16,1.95,46.01,0.04,,,
10/24/2022,45901627235,Sold 1 PYPL Oct 28 2022 75.0 Put @ 0.4,1,PYPL Oct 28 2022 75.0 Put,0.40,0.65,39.34,0.01,,,
10/24/2022,45901753585,Sold 2 CPNG Oct 28 2022 16.5 Call @ 0.11,2,CPNG Oct 28 2022 16.5 Call,0.11,1.30,20.68,0.02,,,
10/25/2022,45924778571,Bought 1 COIN Oct 28 2022 52.0 Put @ 0.02,1,COIN Oct 28 2022 52.0 Put,0.02,0.00,-2.01,0.01,,,
10/26/2022,45947997117,Sold 2 CHWY Nov 4 2022 40.5 Call @ 1.91,2,CHWY Nov 4 2022 40.5 Call,1.91,1.30,380.67,0.03,,,
10/26/2022,45947999585,Bought 2 CHWY Oct 28 2022 39.0 Call @ 1.8,2,CHWY Oct 28 2022 39.0 Call,1.80,1.30,-361.32,0.02,,,
10/26/2022,45948129168,Bought 1 PYPL Oct 28 2022 75.0 Put @ 0.02,1,PYPL Oct 28 2022 75.0 Put,0.02,0.00,-2.01,0.01,,,
10/26/2022,45948095438,Sold 1 PYPL Nov 4 2022 92.0 Call @ 4.3,1,PYPL Nov 4 2022 92.0 Call,4.30,0.65,429.33,0.02,,,
10/26/2022,45948096633,Bought 1 PYPL Oct 28 2022 87.0 Call @ 3.85,1,PYPL Oct 28 2022 87.0 Call,3.85,0.65,-385.66,0.01,,,
10/26/2022,45948244009,Sold 1 RBLX Nov 4 2022 46.0 Call @ 3.08,1,RBLX Nov 4 2022 46.0 Call,3.08,0.65,307.33,0.02,,,
10/26/2022,45948246377,Bought 1 RBLX Oct 28 2022 45.0 Call @ 2.76,1,RBLX Oct 28 2022 45.0 Call,2.76,0.65,-276.66,0.01,,,
10/26/2022,45948369271,Sold 1 COIN Oct 28 2022 70.0 Put @ 0.82,1,COIN Oct 28 2022 70.0 Put,0.82,0.65,81.34,0.01,,,
10/26/2022,45954060259,Sold 10 MVIS Oct 28 2022 3.5 Put @ 0.09,10,MVIS Oct 28 2022 3.5 Put,0.09,6.50,83.38,0.12,,,
10/27/2022,45974008916,Sold 2 CPNG Nov 4 2022 17.0 Call @ 0.62,2,CPNG Nov 4 2022 17.0 Call,0.62,1.30,122.68,0.02,,,
10/27/2022,45974009243,Bought 2 CPNG Oct 28 2022 16.5 Call @ 0.51,2,CPNG Oct 28 2022 16.5 Call,0.51,1.30,-103.32,0.02,,,
10/27/2022,45974119251,Bought 1 PTON Oct 28 2022 8.0 Call @ 0.34,1,PTON Oct 28 2022 8.0 Call,0.34,0.65,-34.66,0.01,,,
10/27/2022,45974119819,Sold 1 PTON Nov 4 2022 8.5 Call @ 0.63,1,PTON Nov 4 2022 8.5 Call,0.63,0.65,62.34,0.01,,,
10/27/2022,45974286203,Sold 1 PYPL Nov 4 2022 79.0 Put @ 1.41,1,PYPL Nov 4 2022 79.0 Put,1.41,0.65,140.34,0.01,,,
10/27/2022,45974413508,Bought 2 SHOP Oct 28 2022 29.5 Put @ 0.06,2,SHOP Oct 28 2022 29.5 Put,0.06,1.30,-13.32,0.02,,,
10/27/2022,45974697970,Sold 1 BMBL Nov 18 2022 20.0 Put @ 0.8,1,BMBL Nov 18 2022 20.0 Put,0.80,0.65,79.34,0.01,,,
10/28/2022,45998321291,Bought 1 AAPL Oct 28 2022 136.0 Put @ 0.01,1,AAPL Oct 28 2022 136.0 Put,0.01,0.00,-1.01,0.01,,,
10/28/2022,45998478035,Sold 1 RBLX Nov 4 2022 42.5 Put @ 0.66,1,RBLX Nov 4 2022 42.5 Put,0.66,0.65,65.34,0.01,,,
10/28/2022,45999622758,Bought 1 AAPL Oct 28 2022 167.5 Call @ 0.01,1,AAPL Oct 28 2022 167.5 Call,0.01,0.65,-1.66,0.01,,,
10/28/2022,45999845263,Bought 10 MVIS Oct 28 2022 3.5 Put @ 0.1,10,MVIS Oct 28 2022 3.5 Put,0.10,6.50,-106.60,0.10,,,
10/28/2022,45999846686,Sold 10 MVIS Nov 4 2022 3.5 Put @ 0.21,10,MVIS Nov 4 2022 3.5 Put,0.21,6.50,203.38,0.12,,,
10/28/2022,45999947255,Sold 1 COIN Nov 4 2022 58.0 Put @ 1.32,1,COIN Nov 4 2022 58.0 Put,1.32,0.65,131.34,0.01,,,
10/28/2022,45999950542,Bought 1 COIN Oct 28 2022 70.0 Put @ 0.98,1,COIN Oct 28 2022 70.0 Put,0.98,0.65,-98.66,0.01,,,
10/31/2022,46019009169,REMOVAL OF OPTION DUE TO EXPIRATION (0AAPL.JS20167500),1,,,,0.00,,,,
10/31/2022,46034630797,Sold 1 SCHW Nov 4 2022 75.0 Put @ 0.27,1,SCHW Nov 4 2022 75.0 Put,0.27,0.65,26.34,0.01,,,
10/31/2022,46067003964,FREE BALANCE INTEREST ADJUSTMENT,,,,,4.11,,,,
11/01/2022,46100696051,Sold 1 CHWY Nov 4 2022 35.5 Put @ 0.35,1,CHWY Nov 4 2022 35.5 Put,0.35,0.65,34.34,0.01,,,
11/02/2022,46125207674,Bought 1 SCHW Nov 4 2022 75.0 Put @ 0.11,1,SCHW Nov 4 2022 75.0 Put,0.11,0.65,-11.66,0.01,,,
11/02/2022,46126538677,Bought 2 CPNG Nov 4 2022 17.0 Call @ 0.66,2,CPNG Nov 4 2022 17.0 Call,0.66,1.30,-133.32,0.02,,,
11/02/2022,46126539371,Sold 2 CPNG Nov 11 2022 18.0 Call @ 0.76,2,CPNG Nov 11 2022 18.0 Call,0.76,1.30,150.68,0.02,,,
11/02/2022,46126764301,Sold 1 AMZN Nov 11 2022 91.0 Put @ 1.33,1,AMZN Nov 11 2022 91.0 Put,1.33,0.65,132.34,0.01,,,
11/02/2022,46126842168,Bought 20 AAPL @ 149.3491,20,AAPL,149.3491,0.00,-2986.98,,,,
11/03/2022,46153062185,Bought 1 RBLX Nov 4 2022 42.5 Put @ 0.16,1,RBLX Nov 4 2022 42.5 Put,0.16,0.65,-16.66,0.01,,,
11/03/2022,46153040019,Bought 2 CHWY Nov 4 2022 40.5 Call @ 0.03,2,CHWY Nov 4 2022 40.5 Call,0.03,0.00,-6.02,0.02,,,
11/03/2022,46153549687,Sold 10 MVIS Nov 11 2022 3.5 Put @ 0.22,10,MVIS Nov 11 2022 3.5 Put,0.22,6.50,213.37,0.13,,,
11/03/2022,46153552542,Bought 10 MVIS Nov 4 2022 3.5 Put @ 0.13,10,MVIS Nov 4 2022 3.5 Put,0.13,6.50,-136.60,0.10,,,
11/03/2022,46153995128,Sold 1 CHWY Nov 11 2022 39.5 Call @ 0.42,1,CHWY Nov 11 2022 39.5 Call,0.42,0.65,41.34,0.01,,,
11/03/2022,46154030345,Sold 1 CHWY Nov 11 2022 39.5 Call @ 0.4,1,CHWY Nov 11 2022 39.5 Call,0.40,0.65,39.34,0.01,,,
11/03/2022,46155418261,Sold 1 PYPL Nov 11 2022 78.0 Put @ 4.97,1,PYPL Nov 11 2022 78.0 Put,4.97,0.65,496.33,0.02,,,
11/03/2022,46155419492,Bought 1 PYPL Nov 4 2022 79.0 Put @ 4.8,1,PYPL Nov 4 2022 79.0 Put,4.80,0.65,-480.66,0.01,,,
11/03/2022,46155465455,Sold 1 COIN Nov 11 2022 55.0 Put @ 3.25,1,COIN Nov 11 2022 55.0 Put,3.25,0.65,324.33,0.02,,,
11/03/2022,46155465463,Bought 1 COIN Nov 4 2022 58.0 Put @ 3.15,1,COIN Nov 4 2022 58.0 Put,3.15,0.65,-315.66,0.01,,,
11/04/2022,46179387272,Bought 1 PYPL Nov 4 2022 92.0 Call @ 0.01,1,PYPL Nov 4 2022 92.0 Call,0.01,0.00,-1.01,0.01,,,
11/04/2022,46179386710,Bought 1 RBLX Nov 4 2022 46.0 Call @ 0.01,1,RBLX Nov 4 2022 46.0 Call,0.01,0.00,-1.01,0.01,,,
11/04/2022,46179508706,Bought 3 CHPT Nov 4 2022 14.0 Call @ 0.01,3,CHPT Nov 4 2022 14.0 Call,0.01,0.00,-3.03,0.03,,,
11/04/2022,46179451476,Sold 1 CHWY Nov 11 2022 35.0 Put @ 2.76,1,CHWY Nov 11 2022 35.0 Put,2.76,0.65,275.33,0.02,,,
11/04/2022,46179453121,Bought 1 CHWY Nov 4 2022 35.5 Put @ 2.62,1,CHWY Nov 4 2022 35.5 Put,2.62,0.65,-262.66,0.01,,,
11/04/2022,46179558476,Sold 1 PTON Nov 11 2022 8.5 Call @ 1.03,1,PTON Nov 11 2022 8.5 Call,1.03,0.65,102.34,0.01,,,
11/04/2022,46179559983,Bought 1 PTON Nov 4 2022 8.5 Call @ 0.77,1,PTON Nov 4 2022 8.5 Call,0.77,0.65,-77.66,0.01,,,
11/04/2022,46179661377,Bought 20 AAPL @ 136.2703,20,AAPL,136.2703,0.00,-2725.41,,,,
11/08/2022,46237407583,Sold 1 PYPL Nov 18 2022 87.0 Call @ 1.14,1,PYPL Nov 18 2022 87.0 Call,1.14,0.65,113.34,0.01,,,
11/08/2022,46237617243,Sold 3 CHPT Nov 18 2022 13.5 Call @ 0.25,3,CHPT Nov 18 2022 13.5 Call,0.25,1.95,73.01,0.04,,,
11/08/2022,46237898384,Sold 1 RBLX Nov 11 2022 45.5 Call @ 1.19,1,RBLX Nov 11 2022 45.5 Call,1.19,0.65,118.34,0.01,,,
11/10/2022,46272457089,QUALIFIED DIVIDEND (AAPL),,AAPL,,,4.60,,,,
11/11/2022,46316598716,Bought 1 RBLX Nov 11 2022 45.5 Call @ 0.01,1,RBLX Nov 11 2022 45.5 Call,0.01,0.00,-1.01,0.01,,,
11/11/2022,46316676874,Bought 1 PYPL Nov 11 2022 78.0 Put @ 0.01,1,PYPL Nov 11 2022 78.0 Put,0.01,0.00,-1.01,0.01,,,
11/11/2022,46316711812,Bought 1 AMZN Nov 11 2022 91.0 Put @ 0.01,1,AMZN Nov 11 2022 91.0 Put,0.01,0.00,-1.01,0.01,,,
11/11/2022,46317403992,Bought 1 CPNG Nov 11 2022 18.0 Call @ 0.79,1,CPNG Nov 11 2022 18.0 Call,0.79,0.65,-79.66,0.01,,,
11/11/2022,46317404837,Sold 1 CPNG Nov 18 2022 18.5 Call @ 0.81,1,CPNG Nov 18 2022 18.5 Call,0.81,0.65,80.34,0.01,,,
11/11/2022,46317343674,Bought 1 PTON Nov 11 2022 8.5 Call @ 1.55,1,PTON Nov 11 2022 8.5 Call,1.55,0.65,-155.66,0.01,,,
11/11/2022,46317344655,Sold 1 PTON Nov 18 2022 8.5 Call @ 1.65,1,PTON Nov 18 2022 8.5 Call,1.65,0.65,164.34,0.01,,,
11/11/2022,46317350325,Bought 1 CHWY Nov 11 2022 35.0 Put @ 0.01,1,CHWY Nov 11 2022 35.0 Put,0.01,0.00,-1.01,0.01,,,
11/11/2022,46317434265,Bought 2 CHWY Nov 11 2022 39.5 Call @ 0.54,2,CHWY Nov 11 2022 39.5 Call,0.54,1.30,-109.32,0.02,,,
11/11/2022,46317438199,Sold 2 CHWY Nov 18 2022 42.0 Call @ 0.8,2,CHWY Nov 18 2022 42.0 Call,0.80,1.30,158.68,0.02,,,
11/11/2022,46317659514,Bought 1 COIN Nov 11 2022 55.0 Put @ 1.62,1,COIN Nov 11 2022 55.0 Put,1.62,0.65,-162.66,0.01,,,
11/11/2022,46317661527,Sold 1 COIN Nov 18 2022 47.0 Put @ 1.75,1,COIN Nov 18 2022 47.0 Put,1.75,0.65,174.34,0.01,,,
11/11/2022,46317796473,Bought 1 CPNG Nov 11 2022 18.0 Call @ 0.8,1,CPNG Nov 11 2022 18.0 Call,0.80,0.65,-80.66,0.01,,,
11/11/2022,46317796825,Sold 1 CPNG Nov 18 2022 18.5 Call @ 0.81,1,CPNG Nov 18 2022 18.5 Call,0.81,0.65,80.34,0.01,,,
11/14/2022,46334878728,REMOVAL OF OPTION DUE TO EXPIRATION (0MVIS.WB20003500),10,,,,0.00,,,,
11/14/2022,46345619747,Sold 1 AAPL Nov 18 2022 144.0 Put @ 0.9,1,AAPL Nov 18 2022 144.0 Put,0.90,0.65,89.34,0.01,,,
11/14/2022,46345847662,Sold 1 PYPL Nov 18 2022 85.0 Put @ 0.59,1,PYPL Nov 18 2022 85.0 Put,0.59,0.65,58.34,0.01,,,
11/15/2022,46376476614,Bought 1 BMBL Nov 18 2022 20.0 Put @ 0.05,1,BMBL Nov 18 2022 20.0 Put,0.05,0.00,-5.01,0.01,,,
11/21/2022,46458558130,Sold 200 CPNG @ 18.5,200,CPNG,18.50,,3699.89,0.11,,,
11/21/2022,46458575774,Sold 100 PTON @ 8.5,100,PTON,8.50,,849.97,0.03,,,
11/21/2022,46458592802,Bought 100 COIN @ 47,100,COIN,47.00,,-4700.00,,,,
11/21/2022,46458602126,Bought 100 PYPL @ 85,100,PYPL,85.00,,-8500.00,,,,
11/21/2022,46458685825,REMOVAL OF OPTION DUE TO ASSIGNMENT (0PYPL.WI20085000),1,,,,0.00,,,,
11/21/2022,46458732128,REMOVAL OF OPTION DUE TO ASSIGNMENT (0PTON.KI20008500),1,,,,0.00,,,,
11/21/2022,46458772803,REMOVAL OF OPTION DUE TO ASSIGNMENT (0COIN.WI20047000),1,,,,0.00,,,,
11/21/2022,46458780805,REMOVAL OF OPTION DUE TO ASSIGNMENT (0CPNG.KI20018500),2,,,,0.00,,,,
11/21/2022,46462668593,REMOVAL OF OPTION DUE TO EXPIRATION (0BMBL.KI20025000),1,,,,0.00,,,,
11/21/2022,46462720529,REMOVAL OF OPTION DUE TO EXPIRATION (0AAPL.WI20144000),1,,,,0.00,,,,
11/21/2022,46462775375,REMOVAL OF OPTION DUE TO EXPIRATION (0CHWY.KI20042000),2,,,,0.00,,,,
11/21/2022,46462933625,REMOVAL OF OPTION DUE TO EXPIRATION (0PYPL.KI20087000),1,,,,0.00,,,,
11/21/2022,46462947073,REMOVAL OF OPTION DUE TO EXPIRATION (0CHPT.KI20013500),3,,,,0.00,,,,
11/21/2022,46473854520,Sold 2 CHWY Nov 25 2022 44.5 Call @ 0.24,2,CHWY Nov 25 2022 44.5 Call,0.24,1.30,46.68,0.02,,,
11/21/2022,46473918440,Sold 1 BMBL Dec 16 2022 25.0 Call @ 0.65,1,BMBL Dec 16 2022 25.0 Call,0.65,0.65,64.34,0.01,,,
11/21/2022,46473950336,Sold 2 SHOP Nov 25 2022 33.5 Put @ 0.3,2,SHOP Nov 25 2022 33.5 Put,0.30,1.30,58.68,0.02,,,
11/21/2022,46473976142,Sold 1 PYPL Nov 25 2022 77.0 Put @ 0.27,1,PYPL Nov 25 2022 77.0 Put,0.27,0.65,26.34,0.01,,,
11/21/2022,46474006123,Bought 10 AAPL @ 147.975,10,AAPL,147.975,0.00,-1479.75,,,,
11/22/2022,46493472293,Sold 1 COIN Nov 25 2022 46.5 Call @ 0.55,1,COIN Nov 25 2022 46.5 Call,0.55,0.65,54.34,0.01,,,
11/25/2022,46531772277,Bought 2 SHOP Nov 25 2022 33.5 Put @ 0.01,2,SHOP Nov 25 2022 33.5 Put,0.01,0.00,-2.02,0.02,,,
11/25/2022,46531774118,Bought 1 PYPL Nov 25 2022 77.0 Put @ 0.01,1,PYPL Nov 25 2022 77.0 Put,0.01,0.00,-1.01,0.01,,,
11/25/2022,46531775521,Bought 2 CHWY Nov 25 2022 44.5 Call @ 0.01,2,CHWY Nov 25 2022 44.5 Call,0.01,0.00,-2.02,0.02,,,
11/25/2022,46531789755,Bought 1 COIN Nov 25 2022 46.5 Call @ 0.02,1,COIN Nov 25 2022 46.5 Call,0.02,0.00,-2.01,0.01,,,
11/25/2022,46531883349,Sold 1 COIN Dec 2 2022 48.0 Call @ 1.14,1,COIN Dec 2 2022 48.0 Call,1.14,0.65,113.34,0.01,,,
11/25/2022,46531923134,Sold 3 CHPT Dec 2 2022 14.0 Call @ 0.11,3,CHPT Dec 2 2022 14.0 Call,0.11,1.95,31.01,0.04,,,
11/25/2022,46532116200,Sold 1 AAPL Dec 2 2022 143.0 Put @ 0.8,1,AAPL Dec 2 2022 143.0 Put,0.80,0.65,79.34,0.01,,,
11/25/2022,46532149540,Sold 1 COIN Dec 2 2022 38.0 Put @ 0.62,1,COIN Dec 2 2022 38.0 Put,0.62,0.65,61.34,0.01,,,
11/25/2022,46532173555,Bought 10 AAPL @ 147.9004,10,AAPL,147.9004,0.00,-1479.00,,,,
11/25/2022,46532499016,Sold 1 PTON Dec 2 2022 9.0 Put @ 0.11,1,PTON Dec 2 2022 9.0 Put,0.11,0.65,10.34,0.01,,,
11/25/2022,46532536255,Sold 2 PYPL Dec 2 2022 85.0 Call @ 0.35,2,PYPL Dec 2 2022 85.0 Call,0.35,1.30,68.68,0.02,,,
11/28/2022,46548386909,Sold 2 CHWY Dec 2 2022 45.0 Call @ 0.31,2,CHWY Dec 2 2022 45.0 Call,0.31,1.30,60.68,0.02,,,
11/28/2022,46548623660,Sold 2 CPNG Dec 2 2022 17.5 Put @ 0.09,2,CPNG Dec 2 2022 17.5 Put,0.09,1.30,16.68,0.02,,,
11/30/2022,46621977495,FREE BALANCE INTEREST ADJUSTMENT,,,,,2.54,,,,
12/01/2022,46660463061,Bought 1 PTON Dec 2 2022 9.0 Put @ 0.01,1,PTON Dec 2 2022 9.0 Put,0.01,0.00,-1.01,0.01,,,
12/01/2022,46660714318,Sold 1 RBLX Dec 9 2022 36.0 Call @ 0.4,1,RBLX Dec 9 2022 36.0 Call,0.40,0.65,39.34,0.01,,,
12/01/2022,46661048444,Bought 1 COIN Dec 2 2022 48.0 Call @ 0.25,1,COIN Dec 2 2022 48.0 Call,0.25,0.65,-25.66,0.01,,,
12/01/2022,46661058126,Bought 1 COIN Dec 2 2022 38.0 Put @ 0.04,1,COIN Dec 2 2022 38.0 Put,0.04,0.00,-4.01,0.01,,,
12/01/2022,46661068551,Sold 100 COIN @ 45.1149,100,COIN,45.1149,0.00,4511.38,0.11,,,
12/01/2022,46661077164,Sold 1 COIN Dec 9 2022 40.5 Put @ 0.87,1,COIN Dec 9 2022 40.5 Put,0.87,0.65,86.34,0.01,,,
12/02/2022,46684944514,Bought 3 CHPT Dec 2 2022 14.0 Call @ 0.01,3,CHPT Dec 2 2022 14.0 Call,0.01,0.00,-3.03,0.03,,,
12/02/2022,46684961515,Bought 2 PYPL Dec 2 2022 85.0 Call @ 0.01,2,PYPL Dec 2 2022 85.0 Call,0.01,0.00,-2.02,0.02,,,
12/02/2022,46686568126,Bought 2 CPNG Dec 2 2022 17.5 Put @ 0.01,2,CPNG Dec 2 2022 17.5 Put,0.01,0.00,-2.02,0.02,,,
12/02/2022,46687816238,Bought 1 AAPL Dec 2 2022 143.0 Put @ 0.01,1,AAPL Dec 2 2022 143.0 Put,0.01,0.00,-1.01,0.01,,,
12/02/2022,46688699631,Sold 3 SHOP Dec 9 2022 39.5 Put @ 0.33,3,SHOP Dec 9 2022 39.5 Put,0.33,1.95,97.01,0.04,,,
12/02/2022,46688765509,Bought 40 AAPL @ 146.855,40,AAPL,146.855,0.00,-5874.20,,,,
12/02/2022,46688875698,Sold 1 AAPL Dec 9 2022 149.0 Call @ 1.29,1,AAPL Dec 9 2022 149.0 Call,1.29,0.65,128.34,0.01,,,
12/02/2022,46689029245,Bought 2 CHWY Dec 2 2022 45.0 Call @ 0.24,2,CHWY Dec 2 2022 45.0 Call,0.24,1.30,-49.32,0.02,,,
12/02/2022,46689088685,Sold 1 PYPL Dec 9 2022 71.0 Put @ 0.4,1,PYPL Dec 9 2022 71.0 Put,0.40,0.65,39.34,0.01,,,
***END OF FILE***
